lat,lon
39,22
37.57,126.98
35.8703,128.5911
39.9289,116.3883
35.1928,128.0847
49.2328,28.481
37.5985,126.9783
39.8161,109.9776
35.69,139.69
37.57,126.98
52,20
23.1167,113.25
35,105
49,32
52.0186,4.37819999999999
52.35,4.91669999999999
37.57,126.98
37.57,126.98
23.1167,113.25
37.57,126.98
23.5,121
37.57,126.98
59.8667,17.6333
37.57,126.98
35,105
37.57,126.98
37.5985,126.9783
37.57,126.98
37.57,126.98
36.6683,116.9972
37.57,126.98
34.6836,113.5325
35,105
37.5985,126.9783
39.9289,116.3883
20,77
37.57,126.98
41.8333,22
37.57,126.98
44,21
52.5,5.75
50.0833,14.4667
37.5985,126.9783
52.35,4.91669999999999
35.69,139.69
37.5985,126.9783
31.78,35.23
37.57,126.98
37.57,126.98
37.57,126.98
35.69,139.69
23.1167,113.25
37.57,126.98
47.4815,8.203
39.9289,116.3883
37.57,126.98
42.8333,12.8333
58.75,17
35.685,139.7514
47.8,9.16669999999999
49.75,15.5
35.8703,128.5911
37.57,126.98
37.57,126.98
37.57,126.98
37.5985,126.9783
60,100
35.69,139.69
52,20
43,25
46,25
37.5985,126.9783
37.57,126.98
37.5985,126.9783
42.8333,12.8333
55.7,13.1833
51,9
59.8944,30.2642
51,9
23.1167,113.25
37.57,126.98
37.57,126.98
45.6403,0.755099999999999
51,9
37.57,126.98
37.57,126.98
37.57,126.98
51,9
37.57,126.98
60,100
37.5985,126.9783
35.69,139.69
37.57,126.98
37.57,126.98
64,26
37.5985,126.9783
37.5985,126.9783
37.5985,126.9783
37.57,126.98
22.25,114.1667
12.9833,77.5833
21.0333,105.85
37.57,126.98
37.57,126.98
52.35,4.91669999999999
37.57,126.98
35,105
37.57,126.98
37.4906,127.02
37.57,126.98
37.57,126.98
39,35
35,105
37.57,126.98
50.8333,4
37.57,126.98
43.88,125.3228
37.57,126.98
37.57,126.98
50.2584,19.0275
37.57,126.98
37.5985,126.9783
37.57,126.98
37.5985,126.9783
50.65,13.2833
32.0942,34.9458
37.9833,23.7333
51,9
45.4667,9.19999999999999
37.57,126.98
35.685,139.7514
37.57,126.98
52,20
35.69,139.69
32.0617,118.7778
30.6667,104.0667
37.57,126.98
37.57,126.98
37.57,126.98
49,32
37.57,126.98
60,100
31.5,34.75
35.69,139.69
60,100
52.3107,4.8768
37.57,126.98
35.69,139.69
21.0333,105.85
37.5985,126.9783
37.5985,126.9783
39.9289,116.3883
37.57,126.98
37.57,126.98
37.57,126.98
37.57,126.98
37.57,126.98
37.57,126.98
52.5,5.75
37.57,126.98
52,20
37.57,126.98
36.6683,116.9972
37.5985,126.9783
37.5985,126.9783
49.75,15.5
37.57,126.98
37.57,126.98
37.57,126.98
37.57,126.98
32,53
47,8
39,22
50.8,5.19999999999999
37.57,126.98
51.9322,4.39269999999999
37.5985,126.9783
37.57,126.98
42.8333,12.8333
48.86,2.34999999999999
34.9167,33.6292
37.57,126.98
37.5985,126.9783
30.2936,120.1614
35.8703,128.5911
35,105
37.57,126.98
49.4216,26.9965
37.5985,126.9783
34.6836,113.5325
37.57,126.98
37.57,126.98
37.5985,126.9783
35.685,139.7514
42.8333,12.8333
37.57,126.98
35.685,139.7514
22.5333,114.1333
34.6167,135.6
37.57,126.98
37.57,126.98
37.57,126.98
37.57,126.98
35.685,139.7514
37.57,126.98
39.9289,116.3883
30.2936,120.1614
37.57,126.98
37.57,126.98
25.0392,121.525
37.5985,126.9783
49.75,15.5
43,25
39.9289,116.3883
37.57,126.98
37.57,126.98
37.57,126.98
35.685,139.7514
41.7922,123.4328
59.8944,30.2642
39.9117,32.8403
48.86,2.34999999999999
37.57,126.98
37.57,126.98
37.57,126.98
39.9289,116.3883
60,100
60,100
37.57,126.98
50.75,4.34999999999999
37.57,126.98
35,105
37.5985,126.9783
37.5985,126.9783
23.1167,113.25
37.57,126.98
30.6667,104.0667
37.5985,126.9783
37.57,126.98
37.57,126.98
39.9289,116.3883
37.57,126.98
23.5,121
37.57,126.98
37.57,126.98
42.8333,12.8333
52.5,5.75
34.6836,113.5325
59.25,18.1167
48.0833,7.36670000000001
37.57,126.98
37.57,126.98
37.57,126.98
56,10
37.57,126.98
37.57,126.98
52.5,5.75
37.57,126.98
37.57,126.98
37.57,126.98
35,105
27,30
21.0333,105.85
37.57,126.98
49.75,15.5
37.57,126.98
37.57,126.98
20,77
22.2833,114.15
37.57,126.98
37.57,126.98
55.7522,37.6156
49,32
49.75,15.5
37.5985,126.9783
37.57,126.98
30.5801,114.2734
35,105
57,25
59.3333,18.05
39.9289,116.3883
37.57,126.98
37.57,126.98
49,32
37.57,126.98
0.315599999999989,32.5656
52.5167,13.4
25.0392,121.525
37.57,126.98
37.57,126.98
37.57,126.98
37.57,126.98
37.57,126.98
43,25
35,105
37.57,126.98
37.57,126.98
62,15
37.5985,126.9783
52.0186,4.37819999999999
48.127,11.3665
37.5985,126.9783
36.6683,116.9972
37.57,126.98
39.9289,116.3883
37.57,126.98
37.57,126.98
37.57,126.98
37.57,126.98
37.57,126.98
37.57,126.98
49.75,15.5
47.5,19.0833
25.0392,121.525
37.5985,126.9783
35.69,139.69
37.57,126.98
37.57,126.98
37.5985,126.9783
35.69,139.69
48.86,2.34999999999999
44.95,26.0167
20,77
39.5743,2.65520000000001
37.57,126.98
39.9289,116.3883
42.8333,12.8333
37.57,126.98
43,25
47,8
37.57,126.98
1,38
35.5403,139.4508
37.57,126.98
35.685,139.7514
37.57,126.98
60,100
35,105
48.86,2.34999999999999
25.0392,121.525
37.57,126.98
22.25,114.1667
49,32
37.57,126.98
35.685,139.7514
37.57,126.98
37.57,126.98
51,9
55.7522,37.6156
48.86,2.34999999999999
37.5985,126.9783
52.5,5.75
38.0833,23.7
37.57,126.98
49.4733,17.1135
62,10
27,30
45.8,24.15
37.57,126.98
42.8333,12.8333
37.57,126.98
37.57,126.98
37.57,126.98
37.57,126.98
42.8333,12.8333
30.6667,104.0667
49,32
37.57,126.98
60,100
37.57,126.98
37.5985,126.9783
56,24
25.0392,121.525
37.5985,126.9783
22.25,114.1667
35.69,139.69
40.6522,109.8222
37.5985,126.9783
42.4411,19.2636
53.1835,50.1182
37.5985,126.9783
37.57,126.98
22.25,114.1667
37.57,126.98
51.8272,107.6063
35.69,139.69
37.57,126.98
39.9289,116.3883
60,100
37.5985,126.9783
37.57,126.98
37.57,126.98
37.57,126.98
60,100
41.7922,123.4328
37.5985,126.9783
35.4478,139.6425
37.57,126.98
51,9
22.3167,114.1833
15,100
37.57,126.98
42.8333,12.8333
49,32
52,20
39,35
49,32
49,32
25.0392,121.525
52,20
38.1833,127.8167
37.57,126.98
35,105
37.57,126.98
36.6683,116.9972
30.5801,114.2734
37.5985,126.9783
48.86,2.34999999999999
37.57,126.98
42.8333,12.8333
36.6683,116.9972
37.57,126.98
37.5985,126.9783
39.9289,116.3883
60,100
51.9167,4.5
37.57,126.98
37.57,126.98
37.57,126.98
35,105
37.57,126.98
59,16.2
51.2167,4.41669999999999
49,32
50.3667,30.45
34.6836,113.5325
52,20
37.57,126.98
37.57,126.98
39.9289,116.3883
30,70
36.6683,116.9972
35,105
37.57,126.98
37.57,126.98
37.57,126.98
59.3333,18.05
35,105
35,105
51,9
37.5985,126.9783
37.57,126.98
35.8703,128.5911
23.1167,113.25
48.86,2.34999999999999
37.57,126.98
37.57,126.98
36.9031,30.6991
37.57,126.98
37.57,126.98
52.5,5.75
39.8897,115.275
35,105
35,105
37.57,126.98
32.0617,118.7778
42.8333,12.8333
37.57,126.98
20,77
37.57,126.98
37.57,126.98
15,100
2.5,112.5
48.9342,2.35480000000001
50.9833,7.40000000000001
44,21
37.57,126.98
37.57,126.98
46.6255,5.215
25.0392,121.525
37.57,126.98
23.5,121
37.5985,126.9783
37.57,126.98
37.57,126.98
37.5985,126.9783
39.9289,116.3883
35.69,139.69
37.57,126.98
62,10
52,20
50.0606,18.4257
35,105
52.5,5.75
46,25
37.57,126.98
37.57,126.98
37.5985,126.9783
52.5,5.75
37.57,126.98
37.57,126.98
49.75,6.16669999999999
37.57,126.98
37.57,126.98
39.9289,116.3883
35,105
37.57,126.98
49.75,15.5
37.5985,126.9783
64.7667,20.95
51,9
51,9
37.57,126.98
52,20
37.57,126.98
37.57,126.98
32.0617,118.7778
42.8333,12.8333
37.57,126.98
22.25,114.1667
49.75,15.5
60,100
41.5703,120.4586
37.57,126.98
47,8
37.57,126.98
51,9
35,105
37.57,126.98
37.57,126.98
37.57,126.98
37.5985,126.9783
37.57,126.98
42.8333,12.8333
35.685,139.7514
37.57,126.98
52.5,5.75
37.5985,126.9783
59.3333,18.05
37.57,126.98
43,25
37.57,126.98
37.57,126.98
37.57,126.98
42.0156,121.6589
35.685,139.7514
41.8333,12.8833
49,32
59.3333,18.05
37.57,126.98
37.5985,126.9783
22.6333,120.35
36.6683,116.9972
35,105
62,15
37.57,126.98
34.6836,113.5325
51.2667,10.4833
41.7922,123.4328
47.4432,8.6259
33.5717,114.0353
35,105
37.57,126.98
37.57,126.98
55.7522,37.6156
35,105
52.5,5.75
39.9289,116.3883
35.69,139.69
37.57,126.98
37.57,126.98
52,20
37.57,126.98
37.57,126.98
37.57,126.98
37.57,126.98
56.15,13.7667
35,105
35,105
35,105
37.57,126.98
52.4833,1.05000000000001
37.9833,23.7333
43,25
29.3375,47.6581
37.57,126.98
37.57,126.98
50.4167,12.9833
52.5,5.75
37.57,126.98
37.57,126.98
37.5985,126.9783
47,8
37.57,126.98
49,32
1.29310000000001,103.8558
37.57,126.98
40.8028,29.4307
37.5985,126.9783
60,100
37.57,126.98
37.57,126.98
35,105
37.5985,126.9783
56.1322,47.2519
51,9
42.0156,121.6589
37.57,126.98
37.57,126.98
52,20
37.57,126.98
64,26
61.5,23.75
43,25
43,25
37.57,126.98
37.57,126.98
62,10
37.57,126.98
35.685,139.7514
46.6853,7.84719999999999
37.57,126.98
43.7667,11.25
37.57,126.98
37.57,126.98
37.57,126.98
37.57,126.98
37.57,126.98
35,105
48.9167,2.2833
37.57,126.98
60,100
37.57,126.98
52.25,21
37.57,126.98
22.25,114.1667
49,32
35.69,139.69
34.6864,135.52
46,15
35.685,139.7514
50.8167,8.76669999999999
37.5985,126.9783
37.57,126.98
37.57,126.98
37.57,126.98
37.57,126.98
37.57,126.98
56,24
37.57,126.98
44,21
20,77
35,105
35,105
37.57,126.98
1,38
37.57,126.98
37.57,126.98
37.57,126.98
47.2313,39.7233
49.75,15.5
51,9
25.0392,121.525
36.0564,103.7922
62,15
37.57,126.98
25.0392,121.525
42.8333,12.8333
22.2833,114.15
37.57,126.98
3.16669999999999,101.7
50.2077,15.8295
37.57,126.98
56.4128,10.8956
47.1727,19.7995
37.57,126.98
37.57,126.98
36.0986,120.3719
44.6667,10.9167
48.86,2.34999999999999
1,38
49.0667,18.9333
62,15
60,100
49,32
60,100
42.4411,19.2636
25.0392,121.525
57.7167,11.9667
35,105
37.57,126.98
37.5985,126.9783
55.7522,37.6156
39.9289,116.3883
49,32
32,53
62,10
37.57,126.98
49.75,15.5
25,45
37.57,126.98
37.5985,126.9783
37.57,126.98
47.3333,13.3333
35.685,139.7514
51,9
60,100
37.5985,126.9783
39,22
37.57,126.98
31.0456,121.3997
37.57,126.98
37.57,126.98
39.9289,116.3883
37.57,126.98
35,105
37.5985,126.9783
49.4167,10.2167
51,9
36.6683,116.9972
60,100
60,100
30.6667,104.0667
37.57,126.98
37.57,126.98
37.57,126.98
32.0617,118.7778
20,77
35.685,139.7514
24,54
37.57,126.98
37.57,126.98
37.57,126.98
20,77
52,20
37.57,126.98
37.57,126.98
37.57,126.98
47.4365,18.9124
37.57,126.98
37.57,126.98
37.57,126.98
37.57,126.98
37.5985,126.9783
49,32
37.5985,126.9783
39.9289,116.3883
50.0833,14.4667
35,105
38.1833,127.8167
37.57,126.98
57.7167,11.9667
31.0456,121.3997
41.7922,123.4328
37.57,126.98
45.4809,4.43170000000001
47.2333,10.7333
46,25
36.6683,116.9972
35.685,139.7514
37.5985,126.9783
37.57,126.98
36.6683,116.9972
39.9289,116.3883
25.0392,121.525
30.5801,114.2734
36.9031,30.6991
35,105
37.57,126.98
48.86,2.34999999999999
37.57,126.98
37.57,126.98
42.8333,12.8333
37.57,126.98
37.57,126.98
45.4167,9.26669999999999
37.57,126.98
23.5,121
37.57,126.98
37.57,126.98
37.57,126.98
37.57,126.98
37.57,126.98
24.1433,120.6814
37.57,126.98
37.57,126.98
49,32
37.57,126.98
37.57,126.98
37.57,126.98
37.57,126.98
52.25,12.8333
48.6667,19.5
37.57,126.98
42.8333,12.8333
35,105
37.57,126.98
37.5985,126.9783
37.57,126.98
39.9289,116.3883
36.9081,30.6956
51,9
22.1667,113.55
37.57,126.98
48.86,2.34999999999999
35.69,139.69
35.1928,128.0847
25.0392,121.525
37.57,126.98
43.2767,26.9292
37.57,126.98
35,105
37.57,126.98
35,105
43,25
37.5985,126.9783
37.57,126.98
53.8167,10.3833
39.9289,116.3883
39.9289,116.3883
42.8333,12.8333
35.69,139.69
28.6,77.2
22.2833,114.15
47.3333,13.3333
37.57,126.98
25.0392,121.525
38.1833,127.8167
37.57,126.98
35.69,139.69
37.57,126.98
35.69,139.69
37.57,126.98
37.5985,126.9783
22.6333,120.35
37.57,126.98
32.7026,51.1537
37.4906,127.02
49,32
40.9397,24.4019
48.86,2.34999999999999
30,70
37.57,126.98
39.9289,116.3883
60,100
37.57,126.98
42.8333,12.8333
35.685,139.7514
22.6333,120.35
49,32
37.57,126.98
25.0392,121.525
37.57,126.98
35.685,139.7514
37.57,126.98
39.1422,117.1767
37.57,126.98
37.57,126.98
37.57,126.98
35.69,139.69
37.57,126.98
37.57,126.98
37.57,126.98
52,20
51,9
60.4333,22.5167
37.57,126.98
35,105
37.57,126.98
23.5,121
37.57,126.98
43,25
35,105
46,25
39.9289,116.3883
15,100
37.57,126.98
61.0667,28.1833
48.6667,19.5
24.1433,120.6814
23.5,121
37.57,126.98
23.1167,113.25
37.57,126.98
37.5985,126.9783
39.9289,116.3883
37.57,126.98
24.1433,120.6814
51.65,6.1833
52,20
37.57,126.98
39.9289,116.3883
32.0617,118.7778
53.2007,45.0046
35.69,139.69
37.57,126.98
37.57,126.98
59.3,17.9667
37.57,126.98
39.9289,116.3883
37.5985,126.9783
37.57,126.98
39.9289,116.3883
35,105
38.1833,127.8167
37.57,126.98
48.86,2.34999999999999
37.57,126.98
37.57,126.98
59.9167,10.75
51,9
37.57,126.98
22.5333,114.1333
42.6833,23.3167
1,38
39.9289,116.3883
52,20
37.57,126.98
37.57,126.98
37.57,126.98
37.57,126.98
35,105
37.57,126.98
37.57,126.98
43,25
35.8703,128.5911
37.57,126.98
47,29
37.5985,126.9783
35,105
42.8333,12.8333
37.57,126.98
23.1167,113.25
49.75,15.5
37.57,126.98
37.57,126.98
30,70
34.6836,113.5325
35.685,139.7514
37.57,126.98
28.57,77.32
37.5985,126.9783
37.57,126.98
60,100
37.57,126.98
35.69,139.69
46.9167,26.3167
37.57,126.98
47,8
37.57,126.98
37.57,126.98
22.25,114.1667
37.57,126.98
37.57,126.98
37.57,126.98
37.5985,126.9783
37.57,126.98
35.69,139.69
35.69,139.69
37.57,126.98
37.57,126.98
37.57,126.98
37.57,126.98
47.1667,27.6
39,22
37.5985,126.9783
37.57,126.98
37.57,126.98
60,100
50.8092,16.257
37.57,126.98
54.036,19.0345
37.57,126.98
48.86,2.34999999999999
37.5985,126.9783
37.57,126.98
37.57,126.98
49.75,15.5
37.57,126.98
51,9
49,32
20,77
37.57,126.98
60.6667,17.1667
37.57,126.98
37.57,126.98
48.86,2.34999999999999
37.5985,126.9783
37.57,126.98
35,105
24.1433,120.6814
37.57,126.98
25.0389,102.7183
37.5985,126.9783
29.5628,106.5528
52.5167,13.4
45.45,11
37.57,126.98
22.25,114.1667
37.57,126.98
48.9833,14.4667
1.46549999999999,103.7578
37.5985,126.9783
39,22
48.15,18.3333
53.1667,63.5833
36.6683,116.9972
37.57,126.98
39.8897,115.275
37.57,126.98
37.57,126.98
27,30
62,15
48.86,2.34999999999999
37.57,126.98
35.69,139.69
44.8,10.1833
43,25
52,20
37.57,126.98
37.57,126.98
37.5985,126.9783
37.57,126.98
37.57,126.98
39.9289,116.3883
49,32
37.57,126.98
37.57,126.98
41.5703,120.4586
37.57,126.98
59.9167,10.75
37.57,126.98
37.57,126.98
55.6667,12.5833
39.2089,45.4122
28.6667,77.2167
22.5333,114.1333
37.57,126.98
37.57,126.98
37.57,126.98
37.57,126.98
35.685,139.7514
39,22
48.86,2.34999999999999
42.6,23.0333
37.57,126.98
35,105
36.6683,116.9972
37.57,126.98
35.69,139.69
37.5985,126.9783
37.5985,126.9783
49.8703,15.5778
49.2814,16.5648
22.5333,114.1333
53.2167,6.55000000000001
37.57,126.98
37.57,126.98
35.69,139.69
39.8161,109.9776
37.57,126.98
37.57,126.98
39.9289,116.3883
37.57,126.98
37.57,126.98
37.5985,126.9783
51,9
55.6667,12.5833
37.57,126.98
37.57,126.98
51,9
22.25,114.1667
35.69,139.69
37.57,126.98
37.5985,126.9783
48.2,16.3667
37.57,126.98
37.57,126.98
37.57,126.98
44,21
37.57,126.98
34.2667,135.3833
37.57,126.98
50.8333,4
37.57,126.98
37.57,126.98
52.35,4.91669999999999
60,100
22.25,114.1667
37.57,126.98
37.57,126.98
37.57,126.98
37.57,126.98
44.4333,26.1
37.57,126.98
37.57,126.98
37.57,126.98
37.57,126.98
37.57,126.98
60,100
37.57,126.98
37.57,126.98
37.57,126.98
55.7522,37.6156
60.4833,15.4167
37.57,126.98
48.4827,135.0838
37.57,126.98
39.9289,116.3883
64,26
37.5985,126.9783
12.9833,77.5833
37.5985,126.9783
60,100
52.5,5.75
51,9
37.57,126.98
25.0392,121.525
37.5985,126.9783
51,9
37.57,126.98
22.25,114.1667
60,100
37.57,126.98
39.9289,116.3883
37.57,126.98
52.35,4.91669999999999
49,32
37.57,126.98
51,9
22.5333,114.1333
50.8333,4
16.45,120.55
38.1167,13.3667
37.57,126.98
60,100
37.57,126.98
37.57,126.98
37.57,126.98
49,32
37.57,126.98
58.0093,56.2841
45.4667,9.19999999999999
21.0333,105.85
37.57,126.98
45.55,10.25
23.1167,113.25
35,105
51,9
37.57,126.98
35,105
29.3375,47.6581
37.57,126.98
37.57,126.98
35.5833,139.765
49,32
23.7231,90.4086
37.57,126.98
60,100
16,106
37.57,126.98
35.685,139.7514
37.57,126.98
1.29310000000001,103.8558
62,15
1,38
49,32
49,32
37.57,126.98
37.57,126.98
51,9
37.57,126.98
37.57,126.98
37.57,126.98
37.57,126.98
37.57,126.98
37.57,126.98
37.57,126.98
44,21
28.1792,113.1136
37.57,126.98
46,15
37.5985,126.9783
48.86,2.34999999999999
51,9
35,105
34.6836,113.5325
60,100
60,100
37.57,126.98
31.0456,121.3997
35,105
51.45,11.8
37.57,126.98
32,53
39.9289,116.3883
37.5985,126.9783
37.57,126.98
42.6833,23.3167
52.5931,19.0894
37.57,126.98
22.25,114.1667
37.57,126.98
44.6833,11.0333
37.57,126.98
15,100
39.9289,116.3883
37.57,126.98
37.5985,126.9783
37.57,126.98
37.5985,126.9783
48.86,2.34999999999999
37.57,126.98
39.9289,116.3883
17.3753,78.4744
46,25
60,100
23.1167,113.25
37.57,126.98
39.9289,116.3883
43,25
60,100
37.57,126.98
37.57,126.98
35.8703,128.5911
37.57,126.98
62,10
37.57,126.98
37.57,126.98
37.57,126.98
37.57,126.98
37.5985,126.9783
37.5985,126.9783
35.7167,140.65
52.5931,19.0894
37.57,126.98
37.57,126.98
35,105
35.69,139.69
18.975,72.8258
59.3,17.9667
46.0553,14.5144
35.69,139.69
37.57,126.98
43,25
51,9
48.86,2.34999999999999
37.57,126.98
37.57,126.98
37.9833,23.7333
34.6836,113.5325
51,9
55.7522,37.6156
37.57,126.98
37.57,126.98
49,32
37.57,126.98
37.5985,126.9783
37.57,126.98
37.57,126.98
35,105
5.64699999999999,100.4877
37.57,126.98
37.57,126.98
37.57,126.98
24.1433,120.6814
37.57,126.98
37.57,126.98
41.7922,123.4328
37.57,126.98
32.0617,118.7778
37.57,126.98
53.2521,34.3717
22.2833,114.15
39.9289,116.3883
23.5,121
22.2833,114.15
37.57,126.98
32.4907,119.9081
46,25
59.1833,18.15
37.57,126.98
43,25
37.57,126.98
37.57,126.98
37.57,126.98
37.5985,126.9783
37.57,126.98
49,32
37.57,126.98
37.57,126.98
48,68
37.57,126.98
50.0833,14.4667
35,105
49,32
37.5985,126.9783
37.57,126.98
37.57,126.98
37.5985,126.9783
45.4833,9.2833
39.9289,116.3883
37.57,126.98
39.1422,117.1767
37.57,126.98
52.35,4.91669999999999
37.57,126.98
15,100
37.57,126.98
37.57,126.98
51.8893,5.4426
51,9
39.9289,116.3883
37.57,126.98
23.7231,90.4086
37.57,126.98
37.57,126.98
37.5985,126.9783
52.5,5.75
37.57,126.98
37.57,126.98
37.57,126.98
45.6486,13.78
37.57,126.98
26.0614,119.3061
37.57,126.98
37.57,126.98
37.57,126.98
23.1167,113.25
37.57,126.98
3.16669999999999,101.7
37.4906,127.02
37.57,126.98
51,9
37.57,126.98
37.57,126.98
39.9289,116.3883
37.57,126.98
37.57,126.98
21.4167,106.6
37.57,126.98
39.9289,116.3883
43.88,125.3228
51.5333,0.699999999999989
37.5985,126.9783
37.5985,126.9783
39,22
39.9289,116.3883
25.0392,121.525
20,77
37.5985,126.9783
53.4,9.44999999999999
38.1833,127.8167
35.6928,139.4181
51,9
42.8333,12.8333
37.57,126.98
35.69,139.69
45.75,126.65
49,32
37.57,126.98
32,53
37.5985,126.9783
37.57,126.98
22.2833,114.15
42.8333,12.8333
21.0333,105.85
36.6683,116.9972
37.5985,126.9783
51,9
37.57,126.98
23.5,121
48.0478,37.9258
37.57,126.98
37.57,126.98
39,35
37.57,126.98
37.57,126.98
37.5985,126.9783
37.57,126.98
37.57,126.98
37.57,126.98
37.57,126.98
55.7522,37.6156
5.36500000000001,100.5618
60,100
37.57,126.98
37.57,126.98
37.5985,126.9783
51,9
37.57,126.98
35.685,139.7514
41.9,12.4833
46,25
37.57,126.98
37.57,126.98
25.0392,121.525
35,105
37.57,126.98
23.1167,113.25
37.57,126.98
60,100
37.57,126.98
59.1167,18.1
39,22
56,10
39.9289,116.3883
52.5,5.75
23.5,121
37.57,126.98
37.57,126.98
37.57,126.98
37.4386,127.1378
37.57,126.98
37.57,126.98
35,105
37.57,126.98
37.57,126.98
37.57,126.98
37.57,126.98
37.57,126.98
37.57,126.98
48.86,2.34999999999999
37.57,126.98
35.8703,128.5911
55.6667,12.5833
37.57,126.98
36.6683,116.9972
37.57,126.98
37.57,126.98
41.7922,123.4328
60,100
47,8
32.0617,118.7778
37.57,126.98
49,32
37.5985,126.9783
51,9
37.57,126.98
37.5985,126.9783
37.57,126.98
37.57,126.98
28.1792,113.1136
37.57,126.98
37.57,126.98
37.5985,126.9783
52.5,5.75
37.57,126.98
36.6683,116.9972
51,9
37.57,126.98
37.57,126.98
23.7231,90.4086
37.57,126.98
37.57,126.98
37.57,126.98
52.2,0.116700000000009
37.57,126.98
37.57,126.98
39.9289,116.3883
52.6031,39.5708
37.57,126.98
39.9289,116.3883
25.0392,121.525
37.5985,126.9783
37.57,126.98
51,9
49,32
37.57,126.98
46,25
37.57,126.98
37.57,126.98
53.1333,7.98330000000001
37.5985,126.9783
49,32
49,32
31.5,34.75
50.8333,4
37.57,126.98
37.57,126.98
37.57,126.98
37.57,126.98
37.57,126.98
47,8
37.57,126.98
51,9
35.8703,128.5911
37.57,126.98
37.57,126.98
39.9289,116.3883
37.57,126.98
37.5985,126.9783
35.1928,128.0847
60.3833,23.1333
49,32
37.57,126.98
52.1724,4.45910000000001
37.57,126.98
37.57,126.98
42.0156,121.6589
51,9
35,105
49.75,15.5
55.0415,82.9346
37.5985,126.9783
37.57,126.98
18.975,72.8258
22.25,114.1667
35.69,139.69
37.57,126.98
35,105
35,105
36.6167,101.7667
51,9
37.57,126.98
39.9289,116.3883
35.685,139.7514
59.3333,18.05
45.75,126.65
37.5985,126.9783
37.57,126.98
37.57,126.98
60,100
37.57,126.98
45.8461,15.4222
37.57,126.98
37.57,126.98
37.57,126.98
37.57,126.98
25.0392,121.525
37.5985,126.9783
37.57,126.98
37.57,126.98
35.69,139.69
47,8
47.547,9.29839999999999
20,77
24.1433,120.6814
37.57,126.98
37.57,126.98
37.5985,126.9783
37.57,126.98
35.685,139.7514
37.57,126.98
37.57,126.98
1.36670000000001,103.8
37.57,126.98
43,25
22.5333,114.1333
37.5985,126.9783
37.57,126.98
37.57,126.98
37.57,126.98
37.57,126.98
51,9
37.57,126.98
37.5985,126.9783
49,32
37.57,126.98
46,25
37.5985,126.9783
37.57,126.98
40.8167,14.1167
37.57,126.98
49,32
25.0392,121.525
37.5985,126.9783
35.69,139.69
37.57,126.98
37.57,126.98
37.57,126.98
35,105
37.57,126.98
49,32
42,21.4333
37.57,126.98
37.57,126.98
37.57,126.98
37.57,126.98
35.685,139.7514
37.57,126.98
37.57,126.98
55.7522,37.6156
23.5,121
37.57,126.98
49.75,15.5
42.8333,12.8333
1.55000000000001,110.3333
37.57,126.98
58.1981,68.2546
37.57,126.98
62,10
37.57,126.98
37.5985,126.9783
37.57,126.98
31.0456,121.3997
37.57,126.98
37.57,126.98
37.57,126.98
42.8333,12.8333
60,100
35.69,139.69
37.57,126.98
37.57,126.98
37.57,126.98
37.57,126.98
37.57,126.98
37.57,126.98
37.57,126.98
35.69,139.69
35.69,139.69
22.2833,114.15
25.0392,121.525
52.5,5.75
48.86,2.34999999999999
39.9289,116.3883
22.6333,120.35
41.5703,120.4586
37.57,126.98
48.86,2.34999999999999
37.5985,126.9783
60,100
59.9167,10.75
51,9
37.57,126.98
37.57,126.98
35.69,139.69
37.57,126.98
37.5985,126.9783
37.57,126.98
37.57,126.98
35.69,139.69
35.8703,128.5911
35.685,139.7514
37.57,126.98
29.8782,121.5495
51,9
33.8333,35.8333
37.57,126.98
51,9
37.57,126.98
37.5985,126.9783
37.57,126.98
50.3667,30.45
48.7519,6.16919999999999
37.57,126.98
23.1167,113.25
37.57,126.98
37.57,126.98
39.8161,109.9776
22.5333,114.1333
1.29310000000001,103.8558
65.5333,72.5167
37.57,126.98
37.57,126.98
37.57,126.98
37.57,126.98
37.57,126.98
38.0089,115.5481
37.57,126.98
37.57,126.98
37.57,126.98
53,28
37.57,126.98
37.57,126.98
51.1927,5.98840000000001
35.69,139.69
51,9
39,22
24.1433,120.6814
51,9
45.75,126.65
37.57,126.98
37.57,126.98
37.57,126.98
37.5985,126.9783
35.69,139.69
37.57,126.98
37.57,126.98
37.57,126.98
37.5985,126.9783
31.0456,121.3997
37.5985,126.9783
24.1433,120.6814
37.57,126.98
42.8333,12.8333
37.57,126.98
37.57,126.98
37.57,126.98
35.685,139.7514
22.5333,114.1333
43,25
37.57,126.98
37.57,126.98
37.57,126.98
35,105
49.75,15.5
51,9
37.57,126.98
21.0333,105.85
37.57,126.98
51.1833,7.08330000000001
39.9289,116.3883
47,8
37.57,126.98
39,22
37.57,126.98
37.57,126.98
37.57,126.98
55,73.4
51,9
41.7922,123.4328
37.57,126.98
37.5985,126.9783
37.57,126.98
34.6836,113.5325
37.57,126.98
19.8333,105.25
36.0986,120.3719
37.57,126.98
46,15
45.0448,38.976
60,100
37.57,126.98
37.9833,23.7333
39.9289,116.3883
37.5985,126.9783
48.86,2.34999999999999
37.57,126.98
52.5,5.75
37.57,126.98
51,9
37.5985,126.9783
39.9289,116.3883
37.57,126.98
37.57,126.98
44,18
49,32
37.57,126.98
37.57,126.98
37.57,126.98
37.57,126.98
37.57,126.98
35.69,139.69
20,77
55.7522,37.6156
37.57,126.98
20,77
35,105
60,100
51,9
37.57,126.98
37.5985,126.9783
39.9289,116.3883
25.0392,121.525
31.8639,117.2808
35,105
37.5985,126.9783
60.2167,24.6667
37.57,126.98
22.25,114.1667
37.57,126.98
37.57,126.98
22.25,114.1667
30.5801,114.2734
37.57,126.98
35.8703,128.5911
37.57,126.98
23.5,121
37.57,126.98
37.57,126.98
37.5985,126.9783
31.5,34.75
35,105
34,9
37.57,126.98
37.57,126.98
48.86,2.34999999999999
42.6833,23.3167
37.57,126.98
37.57,126.98
35.69,139.69
46.4639,30.7386
37.5985,126.9783
37.57,126.98
60,100
51,9
37.57,126.98
34.6864,135.52
58.5167,31.2833
37.57,126.98
52,20
37.57,126.98
37.57,126.98
37.5985,126.9783
37.57,126.98
37.57,126.98
37.57,126.98
37.57,126.98
56.4977,84.9744
45.1,10.15
52.5,5.75
37.57,126.98
37.57,126.98
37.57,126.98
37.5985,126.9783
60,100
33.8333,35.8333
37.57,126.98
30.6667,104.0667
32.0617,118.7778
37.5985,126.9783
39.9289,116.3883
37.57,126.98
37.57,126.98
37.57,126.98
51,9
37.57,126.98
38.2444,21.7344
37.57,126.98
37.57,126.98
35,105
37.57,126.98
22.5333,114.1333
48.4827,135.0838
48.86,2.34999999999999
35,105
37.5985,126.9783
37.5985,126.9783
20.8561,106.6822
37.57,126.98
60,100
48.86,2.34999999999999
37.5985,126.9783
35.69,139.69
32.0617,118.7778
37.57,126.98
22.25,114.1667
37.57,126.98
37.57,126.98
37.57,126.98
23.1167,113.25
37.57,126.98
16,106
37.57,126.98
51,9
37.57,126.98
21.0333,105.85
37.5985,126.9783
37.57,126.98
37.5985,126.9783
37.57,126.98
28.1792,113.1136
37.57,126.98
37.57,126.98
37.57,126.98
60,100
37.57,126.98
35.8355,51.0103
23.5,121
29.3697,47.9783
37.57,126.98
37.57,126.98
28.6667,77.2167
51.9667,20.15
37.57,126.98
42.0156,121.6589
39.9289,116.3883
37.5985,126.9783
34.6836,113.5325
42.8333,12.8333
39.9289,116.3883
35,105
36.6683,116.9972
51.9167,4.5
52,20
37.57,126.98
49,32
52.5,5.75
39.9289,116.3883
35,105
52.5,5.75
37.57,126.98
37.57,126.98
37.57,126.98
37.4906,127.02
37.57,126.98
35,105
37.57,126.98
37.57,126.98
37.5985,126.9783
39.9289,116.3883
47,20
35,105
40.7,14.7
23.5,121
37.57,126.98
37.5985,126.9783
36.297,59.6062
37.57,126.98
35.69,139.69
37.57,126.98
52.4481,17.0856
37.57,126.98
37.57,126.98
52.1351,4.6549
37.57,126.98
60,100
49.75,15.5
37.57,126.98
37.57,126.98
37.5985,126.9783
37.5985,126.9783
46,15
21.0333,105.85
49.75,15.5
38.2498,48.2933
37.57,126.98
37.57,126.98
35,105
35,105
42.8333,12.8333
37.57,126.98
37.57,126.98
37.57,126.98
37.57,126.98
37.57,126.98
37.57,126.98
37.57,126.98
46,25
48.86,2.34999999999999
37.57,126.98
37.57,126.98
48.86,2.34999999999999
37.57,126.98
37.5985,126.9783
48.86,2.34999999999999
37.5985,126.9783
24.4798,118.0819
37.57,126.98
35,105
51,9
37.57,126.98
30.6667,104.0667
37.5985,126.9783
37.57,126.98
46,25
37.57,126.98
37.57,126.98
35.8703,128.5911
31.0456,121.3997
37.57,126.98
37.57,126.98
37.57,126.98
37.57,126.98
37.57,126.98
37.57,126.98
37.57,126.98
37.5985,126.9783
25.0392,121.525
55.881,12.5011
39.9289,116.3883
56,10
37.57,126.98
52.5,5.75
37.57,126.98
55.7522,37.6156
23.5,121
56,24
37.57,126.98
48.86,2.34999999999999
36.6683,116.9972
51,9
22.2833,114.15
37.57,126.98
56,10
62,10
37.5985,126.9783
13.754,100.5014
37.57,126.98
42.8333,12.8333
47,8
37.57,126.98
37.57,126.98
37.57,126.98
49,32
37.5985,126.9783
49,32
37.57,126.98
37.57,126.98
41,20
37.57,126.98
50.8333,4
39.9289,116.3883
37.57,126.98
42,43.5
37.57,126.98
37.57,126.98
39.9289,116.3883
37.57,126.98
37.7269,112.4708
37.57,126.98
56.05,12.7
20,77
59.8944,30.2642
53.6202,10.6773
49,32
24.1433,120.6814
49,32
60,100
37.57,126.98
37.57,126.98
37.5985,126.9783
37.5985,126.9783
37.57,126.98
36.6683,116.9972
37.57,126.98
35.69,139.69
35.69,139.69
26.0614,119.3061
37.57,126.98
21.4167,106.6
21.0333,105.85
37.57,126.98
48.86,2.34999999999999
50.85,4.83330000000001
37.57,126.98
37.57,126.98
37.57,126.98
37.57,126.98
39.9289,116.3883
35.1928,128.0847
37.57,126.98
37.5985,126.9783
37.57,126.98
48.15,11.5833
37.57,126.98
41.0333,14.4833
37.57,126.98
43.5139,16.4558
39,22
39.9289,116.3883
35.69,139.69
37.57,126.98
35.685,139.7514
32,35.25
51,9
37.57,126.98
37.57,126.98
37.5985,126.9783
37.57,126.98
30.6667,104.0667
39.9289,116.3883
53.1835,50.1182
39.9289,116.3883
37.57,126.98
37.57,126.98
37.57,126.98
39.9289,116.3883
37.57,126.98
35.685,139.7514
37.5985,126.9783
35.685,139.7514
25,45
18.4333,105.75
23.1167,113.25
42.6,23.0333
43,25
37.57,126.98
44.5888,33.5224
35.685,139.7514
37.57,126.98
52.5,5.75
37.57,126.98
24.1433,120.6814
35.69,139.69
42.8333,12.8333
37.57,126.98
62,10
35.69,139.69
37.57,126.98
37.57,126.98
39.9289,116.3883
37.57,126.98
37.57,126.98
37.57,126.98
37.57,126.98
60,100
49,32
37.5985,126.9783
37.57,126.98
37.57,126.98
37.57,126.98
57.7167,11.9667
35.685,139.7514
37.57,126.98
52,20
39.9289,116.3883
37.57,126.98
37.57,126.98
37.57,126.98
37.5985,126.9783
48.86,2.34999999999999
37.57,126.98
35,105
39,22
25.0392,121.525
49,32
25.0392,121.525
52.5,5.75
37.57,126.98
22.25,114.1667
41.7922,123.4328
37.57,126.98
62,15
24.1433,120.6814
37.57,126.98
39.9289,116.3883
35,105
37.57,126.98
39,22
24.1433,120.6814
37.57,126.98
37.57,126.98
37.57,126.98
60,100
18.975,72.8258
37.57,126.98
39.9289,116.3883
37.57,126.98
37.57,126.98
35.685,139.7514
37.57,126.98
42.8333,12.8333
37.57,126.98
37.57,126.98
37.57,126.98
16,106
37.57,126.98
21.0333,105.85
37.57,126.98
35.685,139.7514
37.57,126.98
37.57,126.98
43.88,125.3228
37.57,126.98
46.55,11.7667
37.57,126.98
37.57,126.98
37.57,126.98
39.9289,116.3883
37.57,126.98
37.57,126.98
37.57,126.98
37.57,126.98
37.57,126.98
37.5985,126.9783
20.8167,105.9333
39,22
49.0111,8.36009999999999
37.57,126.98
37.5985,126.9783
37.57,126.98
49,32
24.1433,120.6814
39.9289,116.3883
37.57,126.98
35.69,139.69
37.57,126.98
24.1433,120.6814
60,100
47,29
37.57,126.98
49,32
37.57,126.98
37.57,126.98
35.69,139.69
25.0392,121.525
37.4906,127.02
47,20
37.57,126.98
37.57,126.98
37.57,126.98
37.57,126.98
37.57,126.98
37.57,126.98
35.69,139.69
44,21
37.57,126.98
37.57,126.98
37.57,126.98
37.57,126.98
37.57,126.98
37.57,126.98
37.57,126.98
49.75,15.5
52.5,5.75
37.5985,126.9783
35.685,139.7514
44.4333,26.1
37.57,126.98
37.5985,126.9783
37.4906,127.02
37.57,126.98
37.57,126.98
55.816,12.5385
37.57,126.98
20,77
37.57,126.98
37.57,126.98
37.57,126.98
37.5985,126.9783
35.8703,128.5911
47,8
30.2936,120.1614
37.57,126.98
35,33
37.57,126.98
37.57,126.98
37.5985,126.9783
37.57,126.98
37.57,126.98
37.57,126.98
37.57,126.98
37.57,126.98
52.5167,13.4
37.57,126.98
37.57,126.98
37.57,126.98
37.57,126.98
37.57,126.98
52.5,5.75
42.8333,12.8333
37.57,126.98
37.57,126.98
20,77
39,22
37.57,126.98
34.2583,108.9286
37.57,126.98
35,105
37.57,126.98
37.57,126.98
37.57,126.98
37.57,126.98
45.2667,11
35,105
37.57,126.98
23.5,121
37.57,126.98
37.57,126.98
50.0833,14.4667
18.7904,98.9847
52.5,5.75
60,100
37.57,126.98
37.57,126.98
37.57,126.98
37.57,126.98
37.57,126.98
37.57,126.98
37.57,126.98
37.5985,126.9783
49,32
31.78,35.23
37.57,126.98
37.57,126.98
2.5,112.5
56,10
37.57,126.98
35.685,139.7514
35.69,139.69
37.5985,126.9783
37.57,126.98
47,20
39.9289,116.3883
40.6522,109.8222
57.7167,11.9667
37.5985,126.9783
23.5,121
23.1167,113.25
22.25,114.1667
41.0186,28.9647
35,105
35.685,139.7514
35.7167,140.2333
37.57,126.98
37.57,126.98
43.7,10.6167
42.8333,12.8333
48.86,2.34999999999999
37.57,126.98
37.57,126.98
35,105
48.86,2.34999999999999
49.75,15.5
52.5,5.75
15,100
16,106
50.0611,17.0913
55.7522,37.6156
37.57,126.98
60,100
37.57,126.98
62,15
37.57,126.98
22.25,114.1667
37.5985,126.9783
37.5985,126.9783
39.9289,116.3883
37.57,126.98
37.57,126.98
37.57,126.98
37.57,126.98
62,15
37.57,126.98
37.57,126.98
37.57,126.98
37.57,126.98
37.57,126.98
42.8333,12.8333
37.5985,126.9783
55.6667,12.5833
41.9403,25.5694
37.5985,126.9783
37.57,126.98
37.57,126.98
2.5,112.5
58.3639,25.59
35.69,139.69
37.57,126.98
42.8333,12.8333
37.57,126.98
39,22
37.57,126.98
37.57,126.98
37.57,126.98
42.8333,12.8333
37.57,126.98
37.5985,126.9783
35.685,139.7514
37.57,126.98
37.57,126.98
37.57,126.98
25.0392,121.525
46,25
37.57,126.98
37.57,126.98
50.4333,30.5167
37.57,126.98
37.57,126.98
60,100
26.5833,106.7167
37.57,126.98
37.57,126.98
37.57,126.98
37.57,126.98
22.2833,114.15
35,105
37.5985,126.9783
37.5985,126.9783
60,100
37.57,126.98
35.8869,14.4025
37.57,126.98
37.57,126.98
37.57,126.98
37.57,126.98
39,22
35,105
37.57,126.98
28,84
37.57,126.98
35.8703,128.5911
56,10
55.7522,37.6156
37.57,126.98
37.5985,126.9783
25.0392,121.525
37.57,126.98
49,32
49,32
37.57,126.98
22.2833,114.15
37.57,126.98
37.5985,126.9783
51,9
36.0564,103.7922
35,105
37.57,126.98
28.1792,113.1136
22.6333,120.35
37.57,126.98
37.57,126.98
51.5004,3.613
60,100
37.5985,126.9783
22.2833,114.15
22.2833,114.15
37.57,126.98
37.57,126.98
39.9289,116.3883
37.57,126.98
37.57,126.98
55.0415,82.9346
55.9052,94.7537
35.8703,128.5911
37.57,126.98
22.2833,114.15
37.57,126.98
37.57,126.98
48.86,2.34999999999999
50.8333,4
57.3,25.25
39.9289,116.3883
24.1433,120.6814
37.57,126.98
42.8333,12.8333
37.57,126.98
35.685,139.7514
39.9289,116.3883
37.57,126.98
39,22
52,20
37.57,126.98
37.57,126.98
37.57,126.98
37.57,126.98
37.57,126.98
35.69,139.69
49.75,15.5
37.57,126.98
37.57,126.98
25.0392,121.525
25.0392,121.525
35.69,139.69
60,100
35.69,139.69
35,105
28.55,115.9333
37.57,126.98
37.57,126.98
37.57,126.98
37.57,126.98
37.57,126.98
37.5985,126.9783
35.1928,128.0847
37.57,126.98
35,105
37.57,126.98
37.57,126.98
29.8782,121.5495
37.5985,126.9783
47.3333,13.3333
60,100
37.57,126.98
37.57,126.98
50.8333,4
37.5985,126.9783
37.57,126.98
1,38
23.1167,113.25
37.57,126.98
51.4,8.58330000000001
49,32
37.57,126.98
56,10
35,105
35.685,139.7514
37.57,126.98
23.1167,113.25
38.1833,127.8167
14.5667,121.0333
55.7522,37.6156
37.5985,126.9783
35,105
35.69,139.69
46.6754,5.5557
42.0156,121.6589
37.57,126.98
46,25
37.57,126.98
41,75
37.5985,126.9783
37.5985,126.9783
37.57,126.98
54.6833,25.3167
37.57,126.98
37.57,126.98
37.57,126.98
37.57,126.98
1.36670000000001,103.8
35.69,139.69
37.57,126.98
23.1167,113.25
37.57,126.98
53.7557,87.1099
45.7069,13.8722
24.1433,120.6814
37.57,126.98
39.8897,115.275
59.2833,17.8833
37.57,126.98
47,8
25.0392,121.525
55.7522,37.6156
28.6,77.2
39.9289,116.3883
37.57,126.98
30,70
37.5985,126.9783
22.5333,114.1333
56,10
39.9289,116.3883
22.4667,87.15
37.5985,126.9783
37.57,126.98
37.57,126.98
37.57,126.98
42.8333,12.8333
30.2936,120.1614
31.0456,121.3997
37.57,126.98
48.86,2.34999999999999
48.86,2.34999999999999
23.1167,113.25
37.57,126.98
37.57,126.98
30,70
37.57,126.98
37.57,126.98
37.57,126.98
41.9,12.4833
37.57,126.98
37.57,126.98
35,105
47.1955,18.4096
60,100
22.25,114.1667
37.57,126.98
37.57,126.98
59.3333,18.05
25.0392,121.525
37.5985,126.9783
37.57,126.98
37.57,126.98
39.9289,116.3883
37.57,126.98
41.5703,120.4586
48.86,2.34999999999999
48.6667,19.5
35.69,139.69
60,100
35.685,139.7514
37.57,126.98
37.57,126.98
42.8333,12.8333
37.57,126.98
53.1667,8.19999999999999
42.8333,12.8333
16,106
55.6,13
37.57,126.98
60,100
37.57,126.98
38.1833,127.8167
22.25,114.1667
37.57,126.98
37.57,126.98
52.25,21
37.5985,126.9783
42.8333,12.8333
38.4127,27.1384
50.8333,4
37.57,126.98
48.86,2.34999999999999
9.1805,7.17930000000001
37.57,126.98
37.57,126.98
37.57,126.98
37.57,126.98
30.5801,114.2734
37.57,126.98
35.685,139.7514
37.57,126.98
35,105
43.25,76.95
37.57,126.98
46.1504,8.88999999999999
37.57,126.98
37.57,126.98
51,9
60,100
37.5985,126.9783
37.57,126.98
32.0617,118.7778
37.57,126.98
39.9289,116.3883
52,20
37.57,126.98
49,32
43.546,5.5127
37.57,126.98
55.7522,37.6156
25.0392,121.525
37.5985,126.9783
37.57,126.98
47.4832,8.70060000000001
36.6683,116.9972
41.0186,28.9647
35,105
39.9289,116.3883
59,26
37.57,126.98
56,10
47,20
37.57,126.98
50.85,5.6833
22.5333,114.1333
37.4906,127.02
42.8333,12.8333
37.57,126.98
55.45,65.3333
39.9289,116.3883
37.5985,126.9783
37.5985,126.9783
37.57,126.98
35.69,139.69
37.57,126.98
37.57,126.98
39.9289,116.3883
37.5985,126.9783
52.6031,39.5708
37.57,126.98
28.6,77.2
37.57,126.98
39.9289,116.3883
37.57,126.98
37.57,126.98
43.2167,27.9167
37.5985,126.9783
35,105
48.86,2.34999999999999
37.57,126.98
54.1936,16.1849
49,32
37.5985,126.9783
37.57,126.98
59.8944,30.2642
62,10
37.57,126.98
37.57,126.98
39,35
30.2936,120.1614
51,9
37.57,126.98
37.5985,126.9783
39.9289,116.3883
37.57,126.98
37.57,126.98
46,25
37.57,126.98
25.0392,121.525
35,105
37.6564,126.835
57.7167,11.9667
37.57,126.98
37.57,126.98
37.57,126.98
37.57,126.98
51,9
29.3697,47.9783
51,9
24.1433,120.6814
35,105
30.6667,117.2194
37.57,126.98
37.57,126.98
37.57,126.98
49,32
37.5985,126.9783
37.57,126.98
45.8,16
47.5,19.0833
25.0392,121.525
37.5985,126.9783
41.2833,13.25
45.75,126.65
37.57,126.98
37.57,126.98
35,105
35,105
37.57,126.98
57,25
36.6683,116.9972
64,26
59.3667,18.0167
52.5167,13.4
37.57,126.98
37.57,126.98
37.57,126.98
22.1667,113.55
35.69,139.69
37.57,126.98
37.57,126.98
35.69,139.69
35.69,139.69
42.8333,12.8333
37.57,126.98
37.57,126.98
37.57,126.98
37.57,126.98
24.1433,120.6814
37.57,126.98
41.5703,120.4586
37.57,126.98
30,70
42.8333,12.8333
37.57,126.98
35.685,139.7514
45.75,126.65
37.57,126.98
37.57,126.98
35,105
10.8142,106.6438
2.5,112.5
38.1833,127.8167
47,20
37.57,126.98
37.57,126.98
35,105
37.57,126.98
37.57,126.98
15,100
31.5,34.75
37.57,126.98
37.57,126.98
37.57,126.98
37.57,126.98
48.86,2.34999999999999
36.9031,30.6991
37.5985,126.9783
52,20
37.57,126.98
15,100
35.69,139.69
22.5333,114.1333
60,100
37.5985,126.9783
49,32
37.57,126.98
47,20
37.57,126.98
37.57,126.98
42.8333,12.8333
51,9
37.57,126.98
37.5985,126.9783
39.9289,116.3883
30.5801,114.2734
22.5333,114.1333
37.57,126.98
44,21
25,45
37.57,126.98
37.57,126.98
37.57,126.98
43,25
35.685,139.7514
37.57,126.98
37.57,126.98
37.57,126.98
37.57,126.98
37.57,126.98
37.57,126.98
37.57,126.98
52,20
50.8333,4
39.9289,116.3883
37.57,126.98
60,100
37.57,126.98
49.0833,19.3167
37.5985,126.9783
46.3333,24.2833
37.5985,126.9783
39.9117,32.8403
42.8333,12.8333
60,100
60,100
22.25,114.1667
37.57,126.98
54.6833,25.3167
59.3667,13.5
47.0056,28.8575
55.7522,37.6156
37.57,126.98
37.57,126.98
32.0617,118.7778
37.57,126.98
37.5985,126.9783
37.57,126.98
37.57,126.98
22.2833,114.15
37.57,126.98
60,100
37.5985,126.9783
39.9289,116.3883
37.57,126.98
37.57,126.98
37.5985,126.9783
37.57,126.98
37.57,126.98
41.3984,2.17410000000001
42.8333,12.8333
37.57,126.98
47.0056,28.8575
37.57,126.98
37.57,126.98
15,100
46.5333,6.66669999999999
60,100
60,100
48.15,11.5833
35.685,139.7514
37.57,126.98
39,22
37.57,126.98
37.5985,126.9783
37.57,126.98
46.5957,7.90770000000001
47,8
22.7167,75.8333
37.57,126.98
37.57,126.98
52.5,5.75
37.57,126.98
35,105
37.57,126.98
26.9167,75.8167
37.5985,126.9783
37.57,126.98
37.57,126.98
13.754,100.5014
37.57,126.98
37.57,126.98
42.8333,12.8333
56.7667,12.9833
37.5985,126.9783
39,35
35.685,139.7514
36.6683,116.9972
37.57,126.98
35.685,139.7514
51,9
51,9
50.4364,16.6536
37.57,126.98
60,100
46.0062,8.9511
37.57,126.98
44.005,4.96039999999999
37.57,126.98
37.5985,126.9783
47.1667,9.5333
39.5354,29.8196
37.5985,126.9783
39.9289,116.3883
25.0392,121.525
48.86,2.34999999999999
35,105
64,26
35,105
52.5,5.75
43.9333,5.83330000000001
63.65,22.6833
43,25
37.5985,126.9783
25.0389,102.7183
39.9289,116.3883
36.6683,116.9972
37.57,126.98
39.9289,116.3883
51.3,6.84999999999999
37.5985,126.9783
48.86,2.34999999999999
37.5985,126.9783
29.8782,121.5495
62.4778,17.3069
37.57,126.98
37.57,126.98
62,15
37.57,126.98
39.8161,109.9776
37.5985,126.9783
38.1833,127.8167
37.57,126.98
20,77
37.57,126.98
37.5985,126.9783
48.15,17.1167
39.1422,117.1767
31.5,34.75
37.5985,126.9783
52,20
31.8639,117.2808
49.75,15.5
49,32
37.5985,126.9783
37.57,126.98
37.57,126.98
22.2833,114.15
52.0278,4.51230000000001
37.57,126.98
20,77
56,24
22.5333,114.1333
34.6864,135.52
37.57,126.98
48.86,2.34999999999999
31.0456,121.3997
37.57,126.98
35.69,139.69
37.57,126.98
48.86,2.34999999999999
22.5333,114.1333
37.5985,126.9783
30.2936,120.1614
37.57,126.98
53.55,10
51.2667,4.69999999999999
37.57,126.98
41.3984,2.17410000000001
37.57,126.98
39.9289,116.3883
37.5985,126.9783
26.9689,109.7725
15,100
35,33
36.6683,116.9972
60.1756,24.9342
47.4498,8.59479999999999
37.57,126.98
37.57,126.98
23.1167,113.25
37.57,126.98
37.57,126.98
29.5628,106.5528
1.29310000000001,103.8558
37.57,126.98
37.57,126.98
52.1667,8.84999999999999
35.4478,139.6425
52.5,5.75
37.57,126.98
60,100
43.4103,5.31309999999999
47.7617,27.9289
37.57,126.98
49,32
22.2833,114.15
52,20
42.8333,12.8333
35.69,139.69
37.57,126.98
24.1433,120.6814
37.57,126.98
48.7916,2.64750000000001
35,105
47.5117,8.0247
37.5985,126.9783
37.57,126.98
32.0617,118.7778
42.8333,12.8333
24.1433,120.6814
37.57,126.98
37.57,126.98
37.57,126.98
37.57,126.98
37.5985,126.9783
39.9289,116.3883
37.5985,126.9783
37.57,126.98
37.57,126.98
37.57,126.98
37.57,126.98
37.57,126.98
46.2324,6.05019999999999
23.1167,113.25
37.57,126.98
37.57,126.98
22.25,114.1667
48.6667,19.5
32.0617,118.7778
37.5985,126.9783
37.57,126.98
37.57,126.98
32,53
37.57,126.98
37.57,126.98
37.57,126.98
37.5985,126.9783
25.0392,121.525
37.57,126.98
37.57,126.98
37.5985,126.9783
52.5,5.75
37.5985,126.9783
37.57,126.98
53.1637,6.81379999999999
37.57,126.98
41.7922,123.4328
37.5985,126.9783
32,53
37.57,126.98
22.25,114.1667
49,32
39.9289,116.3883
53.0833,8.80000000000001
37.57,126.98
37.57,126.98
37.57,126.98
37.57,126.98
37.57,126.98
26.0614,119.3061
37.57,126.98
49,32
47.2362,38.8969
37.5985,126.9783
26.0614,119.3061
39,22
35.685,139.7514
39.9289,116.3883
35.685,139.7514
59.8944,30.2642
60,100
37.57,126.98
37.57,126.98
22.5333,114.1333
37.57,126.98
46,15
37.57,126.98
52,20
35,105
53.1667,8.19999999999999
43.3247,21.9033
50.2077,15.8295
22.8167,108.3167
37.5667,13.45
37.57,126.98
37.5985,126.9783
31.0456,121.3997
39.9289,116.3883
32.0617,118.7778
23.0268,113.1315
37.57,126.98
42.8333,12.8333
35.69,139.69
37.57,126.98
37.57,126.98
37.57,126.98
35,105
37.57,126.98
37.57,126.98
37.5985,126.9783
52.2333,20.85
37.57,126.98
60,100
37.57,126.98
47.3333,13.3333
23.5,121
52.5,5.75
37.5985,126.9783
37.5985,126.9783
46,25
62,15
35.7167,140.2333
36.6683,116.9972
48.86,2.34999999999999
37.57,126.98
24.1433,120.6814
37.57,126.98
51,9
49,32
37.57,126.98
37.57,126.98
39.9289,116.3883
37.57,126.98
22.2833,114.15
37.57,126.98
49,32
64,26
37.57,126.98
37.57,126.98
35.685,139.7514
37.57,126.98
52,20
2.5,112.5
37.57,126.98
37.57,126.98
52.5,5.75
35.685,139.7514
37.5985,126.9783
37.57,126.98
37.57,126.98
35.69,139.69
37.57,126.98
37.57,126.98
52.3667,4.65000000000001
37.57,126.98
37.57,126.98
39.9289,116.3883
62,10
37.57,126.98
37.57,126.98
37.57,126.98
37.57,126.98
37.57,126.98
52,20
39.9289,116.3883
60,100
37.57,126.98
44.75,10.2167
37.57,126.98
37.5985,126.9783
39.9289,116.3883
52.0186,4.37819999999999
37.57,126.98
37.57,126.98
37.57,126.98
37.57,126.98
35.8703,128.5911
37.57,126.98
42.8333,12.8333
51.95,13.9
37.5985,126.9783
37.5985,126.9783
37.5985,126.9783
37.5985,126.9783
23.1167,113.25
37.57,126.98
37.57,126.98
52.5,5.75
37.57,126.98
50.4333,30.5167
52.5,5.75
60,100
51,9
28.1792,113.1136
37.57,126.98
39,22
37.57,126.98
37.57,126.98
37.5985,126.9783
60,100
41.0333,14.4833
42.8333,12.8333
13,122
35.685,139.7514
37.57,126.98
37.57,126.98
37.57,126.98
48.86,2.34999999999999
60,100
35.685,139.7514
35.685,139.7514
37.57,126.98
51,9
37.57,126.98
37.57,126.98
47,20
37.57,126.98
48.86,2.34999999999999
53.9,27.5667
35,105
37.57,126.98
45.0448,38.976
37.57,126.98
50.8333,4.33330000000001
53.1667,8.19999999999999
60,100
49.75,15.5
49.75,15.5
37.57,126.98
37.57,126.98
35.685,139.7514
22.8167,108.3167
35.685,139.7514
47.45,20.2167
35.69,139.69
42.3094,2.1711
20,77
37.57,126.98
60,100
35.8703,128.5911
34.6864,135.52
42.8333,12.8333
37.57,126.98
22.5333,114.1333
37.57,126.98
47,8
43,25
37.57,126.98
63.1667,75.6167
37.57,126.98
46.8,10.5167
39.9289,116.3883
37.5985,126.9783
3.2167,101.6333
37.5985,126.9783
37.57,126.98
39.9289,116.3883
37.57,126.98
52.25,21
37.57,126.98
47,8
36.6683,116.9972
37.5985,126.9783
56,10
37.5985,126.9783
37.5985,126.9783
37.57,126.98
47.3333,13.3333
37.57,126.98
37.57,126.98
46,25
34.6836,113.5325
37.57,126.98
35,105
37.57,126.98
37.57,126.98
37.5985,126.9783
37.57,126.98
37.57,126.98
42.8333,12.8333
37.57,126.98
23.1167,113.25
51.75,19.4667
51.45,7.5667
37.57,126.98
60,100
39.9289,116.3883
37.57,126.98
49.75,15.5
37.57,126.98
49,32
39.9289,116.3883
37.57,126.98
37.57,126.98
55.7522,37.6156
37.57,126.98
39.9289,116.3883
37.57,126.98
36.6683,116.9972
42.3333,23.55
39.8161,109.9776
37.57,126.98
37.57,126.98
37.57,126.98
35.69,139.69
23.7231,90.4086
37.57,126.98
37.57,126.98
1,38
37.57,126.98
37.5985,126.9783
60,100
37.57,126.98
37.57,126.98
57.7167,12.9167
49,32
37.57,126.98
49.9125,9.8819
37.57,126.98
39,35
52,20
41.7922,123.4328
37.57,126.98
37.57,126.98
32.0617,118.7778
52.5931,19.0894
37.57,126.98
42.8333,12.8333
37.57,126.98
37.57,126.98
35,105
52.25,21
35,105
37.57,126.98
37.57,126.98
39.9289,116.3883
52.5,5.75
22.25,114.1667
37.5985,126.9783
35,105
25,45
26.0614,119.3061
35.1928,128.0847
37.57,126.98
37.5985,126.9783
22.2833,114.15
60,100
35.685,139.7514
39.9289,116.3883
37.57,126.98
24.1433,120.6814
37.57,126.98
39,22
47,20
49,32
37.57,126.98
44.9333,25.45
44.9,10.55
37.5985,126.9783
49,32
62,10
37.57,126.98
37.5985,126.9783
37.57,126.98
37.57,126.98
35,105
51,9
42.8333,12.8333
48.9002,2.30950000000001
44,21
37.57,126.98
37.57,126.98
39,22
39.9117,32.8403
35.685,139.7514
37.57,126.98
37.57,126.98
49,32
39.9289,116.3883
52,20
35.7167,140.2333
30.5801,114.2734
25.0392,121.525
47.3333,13.3333
37.57,126.98
51,9
37.57,126.98
35.69,139.69
37.57,126.98
16,106
39.9289,116.3883
42.8333,12.8333
37.5985,126.9783
37.57,126.98
34.6836,113.5325
37.57,126.98
37.57,126.98
48.86,2.34999999999999
37.57,126.98
37.57,126.98
52,20
37.57,126.98
62,15
25.0392,121.525
37.57,126.98
35.69,139.69
39.8161,109.9776
37.5985,126.9783
37.57,126.98
59.9167,10.75
60,100
48.86,2.34999999999999
37.57,126.98
55.0038,50.0549
37.57,126.98
37.57,126.98
35.69,139.69
49,32
37.57,126.98
42.8333,12.8333
37.57,126.98
25.0392,121.525
37.57,126.98
25.0392,121.525
43.85,18.3833
37.57,126.98
39.9289,116.3883
37.57,126.98
60,100
37.57,126.98
37.5985,126.9783
37.57,126.98
49,32
37.57,126.98
37.57,126.98
37.57,126.98
24,54
34.6836,113.5325
37.57,126.98
35.685,139.7514
42.8333,12.8333
37.57,126.98
37.5985,126.9783
49,32
25.0392,121.525
37.57,126.98
52.5,5.75
50.8888,21.083
35.1928,128.0847
37.57,126.98
25.0392,121.525
37.57,126.98
25.0392,121.525
37.57,126.98
36.9031,30.6991
37.57,126.98
41.5703,120.4586
37.57,126.98
35,105
64,26
52,20
22.25,114.1667
51,9
37.57,126.98
37.4906,127.02
37.57,126.98
37.57,126.98
50.8333,4
37.57,126.98
41.9403,25.5694
47,20
37.57,126.98
51,9
35.69,139.69
60,100
52.5,5.75
20,77
47,29
37.57,126.98
37.57,126.98
37.57,126.98
41.7922,123.4328
10.8142,106.6438
22.25,114.1667
50.8333,4
37.57,126.98
37.57,126.98
42.8333,12.8333
34.6836,113.5325
37.57,126.98
22.6333,120.35
25,45
33.69,73.0551
47.5277,8.75049999999999
37.5985,126.9783
37.57,126.98
42.8833,23.9167
37.57,126.98
51.7227,55.3637
37.57,126.98
48.86,2.34999999999999
37.57,126.98
37.5985,126.9783
35.8703,128.5911
37.57,126.98
42.8333,12.8333
23.5,121
47,8
48.86,2.34999999999999
37.57,126.98
37.57,126.98
37.57,126.98
28.6,77.2
39.9289,116.3883
49.75,15.5
37.57,126.98
37.4989,126.7831
42.8333,12.8333
37.57,126.98
37.57,126.98
37.57,126.98
37.57,126.98
52.5931,19.0894
45.7833,8.6833
48,68
37.57,126.98
35,105
51,9
39.9289,116.3883
49,32
47,20
39,22
35.685,139.7514
35.69,139.69
35,105
37.57,126.98
37.5985,126.9783
52.5,5.75
37.57,126.98
34.6836,113.5325
37.57,126.98
52,20
37.5985,126.9783
37.57,126.98
37.57,126.98
37.57,126.98
37.57,126.98
49,32
36.6683,116.9972
37.57,126.98
47,20
37.57,126.98
37.57,126.98
46.1833,21.3167
53.1271,18.02
35.69,139.69
49.0047,8.38579999999999
47,20
37.57,126.98
35.685,139.7514
48.86,2.34999999999999
52,20
39.9289,116.3883
37.57,126.98
37.57,126.98
37.57,126.98
37.57,126.98
32,53
37.5985,126.9783
52.5,5.75
37.57,126.98
47.3333,13.3333
37.57,126.98
37.5985,126.9783
37.57,126.98
39.9289,116.3883
37.5985,126.9783
44,21
15,100
22.25,114.1667
37.57,126.98
46,25
39.9289,116.3883
37.57,126.98
20,77
61.3333,22.9
37.57,126.98
49,32
32.0617,118.7778
37.57,126.98
49.2167,17.6667
37.57,126.98
26.9689,109.7725
25.0392,121.525
37.57,126.98
55.7522,37.6156
35.685,139.7514
37.57,126.98
37.5985,126.9783
37.57,126.98
25,45
48.86,2.34999999999999
32,35.25
37.57,126.98
37.57,126.98
42.8333,12.8333
25.0392,121.525
35.685,139.7514
32.0617,118.7778
37.57,126.98
37.57,126.98
3.16669999999999,101.7
37.57,126.98
23.5,121
36.6683,116.9972
35.69,139.69
41.7922,123.4328
43,25
37.57,126.98
2.5,112.5
13.8622,100.5134
37.57,126.98
37.57,126.98
35.685,139.7514
48,68
42.8333,12.8333
23.5,121
37.57,126.98
39.9289,116.3883
21.0333,105.85
32,53
35,105
49,32
37.57,126.98
49,32
25.0392,121.525
37.57,126.98
60,100
47.5,19.0833
50.8667,5.36670000000001
56,10
32.0617,118.7778
22.25,114.1667
37.57,126.98
48.86,2.34999999999999
43,25
35,105
41.8333,22
22.5697,88.3697
39,22
37.57,126.98
37.57,126.98
37.57,126.98
45.0428,41.9734
37.57,126.98
24,90
37.57,126.98
37.57,126.98
37.57,126.98
42.8333,12.8333
30.5801,114.2734
37.57,126.98
37.57,126.98
32.0617,118.7778
37.57,126.98
37.5985,126.9783
37.5985,126.9783
21.0333,105.85
46,105
37.57,126.98
37.5985,126.9783
37.57,126.98
37.57,126.98
37.57,126.98
27.9994,120.6668
41.3984,2.17410000000001
37.57,126.98
49.4733,17.1135
12.9833,77.5833
51.2967,37.8417
49,32
62,10
37.57,126.98
40.7669,29.9169
37.57,126.98
43.88,125.3228
24,90
37.57,126.98
37.57,126.98
39,22
36.9031,30.6991
25.0392,121.525
49.75,6.16669999999999
47.3333,13.3333
42.8333,12.8333
49,32
37.57,126.98
37.5985,126.9783
48.86,2.34999999999999
62,10
48.86,2.34999999999999
37.57,126.98
37.57,126.98
25.0392,121.525
37.57,126.98
37.57,126.98
37.57,126.98
59.3333,18.05
39.9289,116.3883
31.9339,34.9856
37.57,126.98
56,10
37.57,126.98
37.57,126.98
35.7167,140.65
37.57,126.98
37.57,126.98
49,32
37.57,126.98
37.57,126.98
49,32
37.5985,126.9783
35,105
37.57,126.98
37.57,126.98
47.2899,7.94730000000001
37.5985,126.9783
37.57,126.98
37.57,126.98
51,9
37.5985,126.9783
46.1956,6.1481
60,100
23.5,121
37.57,126.98
50.8333,4
48.7194,44.5018
22.5333,114.1333
37.5985,126.9783
48.15,11.5833
41,75
37.57,126.98
37.57,126.98
37.57,126.98
36.6683,116.9972
37.5985,126.9783
52.5,5.75
37.57,126.98
37.5985,126.9783
37.57,126.98
37.57,126.98
37.57,126.98
22.25,114.1667
35.69,139.69
13.0833,80.2833
47,20
39.9289,116.3883
25.0392,121.525
37.57,126.98
60,100
37.57,126.98
39.9289,116.3883
36.6683,116.9972
35.69,139.69
22.5333,114.1333
37.57,126.98
39.9289,116.3883
23.5,121
25.0392,121.525
37.57,126.98
25.0392,121.525
37.57,126.98
37.5985,126.9783
27,30
32.0617,118.7778
37.57,126.98
23.5,121
37.57,126.98
37.57,126.98
27.9994,120.6668
36.6683,116.9972
37.5985,126.9783
35,105
43,25
39,22
37.57,126.98
3.58330000000001,98.6667
60,100
37.57,126.98
37.57,126.98
37.5985,126.9783
24,54
32,53
37.57,126.98
62,10
37.57,126.98
37.57,126.98
37.57,126.98
37.57,126.98
12.9833,77.5833
25.0392,121.525
37.57,126.98
23.5,121
37.57,126.98
37.57,126.98
37.57,126.98
30,70
42.8333,12.8333
37.57,126.98
49,32
37.57,126.98
42.8333,12.8333
37.57,126.98
37.57,126.98
37.5985,126.9783
23.5,121
37.57,126.98
37.57,126.98
37.57,126.98
37.57,126.98
41.5703,120.4586
46,105
37.57,126.98
37.57,126.98
37.5985,126.9783
37.57,126.98
51.2333,0.016699999999986
55.7522,37.6156
42.8333,12.8333
59.8944,30.2642
37.57,126.98
51.1667,4.40000000000001
37.57,126.98
37.57,126.98
25.0392,121.525
52.5931,19.0894
37.57,126.98
31.0456,121.3997
37.57,126.98
49,32
37.57,126.98
37.57,126.98
37.57,126.98
47,8
34.9167,33.6292
37.57,126.98
37.57,126.98
35.1928,128.0847
37.57,126.98
35.685,139.7514
37.57,126.98
37.5985,126.9783
39,22
30.6667,104.0667
48.86,2.34999999999999
37.57,126.98
37.57,126.98
37.57,126.98
35,105
35,105
37.57,126.98
37.5985,126.9783
37.5985,126.9783
37.5985,126.9783
47.3333,13.3333
20.8561,106.6822
45.1667,15.5
37.57,126.98
60,100
48.86,2.34999999999999
49,32
47,8
39,35
22.5333,114.1333
39.9289,116.3883
44.4333,26.1
51,9
37.57,126.98
35,105
60,100
37.57,126.98
37.57,126.98
60,100
23.5,121
37.57,126.98
37.57,126.98
52.2487,5.2302
23.5,121
34.6864,135.52
37.57,126.98
35.8558,14.5331
48.86,2.34999999999999
51,9
37.57,126.98
37.57,126.98
39.9289,116.3883
52.5931,19.0894
37.57,126.98
37.57,126.98
35,105
37.57,126.98
37.57,126.98
37.57,126.98
37.57,126.98
37.57,126.98
37.57,126.98
48.86,2.34999999999999
37.57,126.98
37.57,126.98
60,100
37.57,126.98
22.25,114.1667
35,105
37.57,126.98
37.5985,126.9783
46,25
37.5985,126.9783
35.685,139.7514
3.16669999999999,101.7
22.25,114.1667
37.57,126.98
51,9
35,105
60,100
60,100
37.57,126.98
37.57,126.98
23.1167,113.25
46.5789,19.3939
37.57,126.98
37.57,126.98
35.69,139.69
37.57,126.98
62,15
37.5985,126.9783
35,105
37.57,126.98
37.57,126.98
32.0617,118.7778
10,8
39.9289,116.3883
37.57,126.98
48.15,11.5833
39.9289,116.3883
37.57,126.98
37.57,126.98
62,10
37.57,126.98
29.3375,47.6581
22.6333,120.35
37.5985,126.9783
41.3984,2.17410000000001
37.57,126.98
37.57,126.98
41.1392,22.5025
48.8667,2.33330000000001
52.0833,7.3167
37.57,126.98
47.3333,13.3333
37.57,126.98
37.5985,126.9783
42.8333,12.8333
50.0164,22.6778
39.9289,116.3883
37.57,126.98
62,10
47,20
37.57,126.98
52.5931,19.0894
50.0061,20.9553
37.57,126.98
50.8333,4
52,20
37.57,126.98
52,20
23.1167,113.25
31.5,34.75
37.57,126.98
51.5333,0.699999999999989
39,22
37.57,126.98
60,100
30.6667,104.0667
37.57,126.98
60,100
60,100
56,24
38.0957,43.2574
52.664,4.82730000000001
18,105
51,9
37.57,126.98
35.69,139.69
37.57,126.98
37.57,126.98
37.57,126.98
49,32
49,32
37.57,126.98
35.69,139.69
37.57,126.98
39.9289,116.3883
49,32
21,57
50.5234,3.1781
37.5985,126.9783
37.57,126.98
35.685,139.7514
37.57,126.98
37.57,126.98
37.57,126.98
37.57,126.98
42.8333,12.8333
37.57,126.98
37.57,126.98
47.3333,13.3333
60,100
42.7683,129.3364
60,100
37.57,126.98
39.9289,116.3883
37.57,126.98
37.57,126.98
37.57,126.98
37.57,126.98
37.57,126.98
21.0333,105.85
50.9957,5.87479999999999
49.95,15.2667
50.8333,4
37.57,126.98
39.9289,116.3883
37.57,126.98
35.685,139.7514
58.2667,12.3
35,105
48.86,2.34999999999999
37.57,126.98
37.57,126.98
37.57,126.98
35,105
37.5985,126.9783
37.5985,126.9783
30.6667,104.0667
38.1833,127.8167
56,24
35.69,139.69
37.57,126.98
37.57,126.98
20,77
60,100
37.4906,127.02
35.7167,140.65
37.57,126.98
50.8333,4.33330000000001
60,100
52.5931,19.0894
1.29310000000001,103.8558
37.57,126.98
52.156,5.3895
39.9289,116.3883
37.57,126.98
37.57,126.98
47.0667,21.9333
62,10
37.57,126.98
37.57,126.98
47.6667,23.5833
43,25
43,25
24.1433,120.6814
37.57,126.98
37.5985,126.9783
39.9289,116.3883
37.57,126.98
37.57,126.98
48.86,2.34999999999999
37.57,126.98
45.1667,15.5
22.25,114.1667
48.8667,2.33330000000001
37.57,126.98
37.57,126.98
54.5,18.55
37.57,126.98
37.57,126.98
51,9
37.5985,126.9783
23.1167,113.25
23.5,121
49,32
35.1667,33.3667
50.0833,14.4667
52.5931,19.0894
37.57,126.98
37.5985,126.9783
39.9289,116.3883
35.69,139.69
27.9994,120.6668
42.0156,121.6589
42.8333,12.8333
37.57,126.98
37.57,126.98
62,10
42.8333,12.8333
37.57,126.98
37.57,126.98
37.5985,126.9783
25.0392,121.525
37.57,126.98
37.57,126.98
39.8897,115.275
50.8333,4
36.4408,28.2225
20,77
29.5628,106.5528
60,100
22.25,114.1667
37.57,126.98
37.57,126.98
48.86,2.34999999999999
37.57,126.98
22.2833,114.15
51,9
49,32
37.5985,126.9783
37.57,126.98
42.8333,12.8333
48.86,2.34999999999999
40.1917,29.0611
37.5985,126.9783
31.5,34.75
37.57,126.98
35.69,139.69
50.9977,7.8381
56.3269,44.0075
37.57,126.98
37.57,126.98
37.57,126.98
35.1928,128.0847
37.57,126.98
35.3833,133.2667
46.9584,8.36600000000001
37.57,126.98
37.57,126.98
22.25,114.1667
37.57,126.98
37.57,126.98
37.5985,126.9783
60,100
37.57,126.98
37.57,126.98
37.57,126.98
60,100
37.57,126.98
64,26
39,22
57.7167,11.9667
35.1928,128.0847
37.57,126.98
42.8333,12.8333
50.6167,5.59999999999999
48.86,2.34999999999999
42,43.5
51.05,3.7167
24.1433,120.6814
35.6594,139.8533
37.57,126.98
37.57,126.98
37.5985,126.9783
37.57,126.98
49.4478,11.0683
45.6181,5.2355
42.8333,12.8333
35,105
37.57,126.98
52.5058,6.08580000000001
49.75,15.5
42.8333,12.8333
37.57,126.98
45.7125,16.0756
37.57,126.98
37.57,126.98
55.7522,37.6156
30,70
34.6836,113.5325
37.57,126.98
37.57,126.98
32,53
52.0833,10.3333
40,45
35,105
35,105
22.5333,114.1333
37.57,126.98
37.57,126.98
28.57,77.32
49,32
37.57,126.98
37.57,126.98
44,21
49.2814,16.5648
35.685,139.7514
24,90
37.57,126.98
32.6572,51.6776
35,105
37.57,126.98
37.57,126.98
37.57,126.98
60,100
37.57,126.98
49.5713,0.537100000000009
35.69,139.69
37.57,126.98
37.5985,126.9783
37.57,126.98
37.57,126.98
37.5985,126.9783
37.57,126.98
56.009,12.586
22.25,114.1667
37.57,126.98
60,100
48.86,2.34999999999999
37.57,126.98
47.4365,18.9124
37.2911,127.0089
37.57,126.98
37.57,126.98
51.1333,0.883299999999991
37.57,126.98
37.57,126.98
37.57,126.98
52.5,5.75
37.57,126.98
36.6372,127.4897
51,9
42.8333,12.8333
37.57,126.98
37.57,126.98
59.3333,18.05
37.57,126.98
37.57,126.98
37.5985,126.9783
37.57,126.98
37.57,126.98
37.57,126.98
37.57,126.98
49.9808,36.2527
31.9,35.2
47,8
37.57,126.98
37.57,126.98
24.1433,120.6814
48.86,2.34999999999999
49,32
60,100
64,26
37.5985,126.9783
37.57,126.98
49,32
60,100
49,32
37.57,126.98
37.57,126.98
52.471,21.1024
37.5985,126.9783
35.69,139.69
37.57,126.98
60,100
35.69,139.69
37.57,126.98
37.57,126.98
39.9289,116.3883
37.57,126.98
37.57,126.98
39.9289,116.3883
37.57,126.98
35.69,139.69
37.57,126.98
37.5985,126.9783
37.57,126.98
22.25,114.1667
53.2521,34.3717
37.5985,126.9783
37.57,126.98
22.25,114.1667
37.57,126.98
35.685,139.7514
37.57,126.98
37.5985,126.9783
37.57,126.98
52.35,4.91669999999999
22.5333,114.1333
52.5,5.75
37.5985,126.9783
37.57,126.98
37.57,126.98
52.0938,5.1191
35.69,139.69
37.57,126.98
35.685,139.7514
37.57,126.98
37.57,126.98
37.57,126.98
37.57,126.98
37.57,126.98
35.685,139.7514
32.0617,118.7778
37.57,126.98
37.57,126.98
35.1928,128.0847
52.35,4.91669999999999
20,77
37.57,126.98
37.57,126.98
37.57,126.98
37.57,126.98
37.57,126.98
47.0056,28.8575
35,105
20,77
32.0617,118.7778
37.57,126.98
35.69,139.69
37.57,126.98
59.2,17.6167
47,20
15,100
25.2582,55.3047
37.57,126.98
34.2583,108.9286
37.57,126.98
32.0617,118.7778
32.0617,118.7778
16.45,120.55
37.57,126.98
37.57,126.98
43,25
35,105
32.0617,118.7778
37.57,126.98
37.5985,126.9783
37.57,126.98
48.86,2.34999999999999
35.69,139.69
62,10
35.685,139.7514
20,77
37.57,126.98
37.57,126.98
51,9
46.1956,6.1481
51,9
23.1167,113.25
35.69,139.69
22.6333,120.35
37.57,126.98
37.57,126.98
37.57,126.98
37.57,126.98
35,105
48.86,2.34999999999999
45.7494,21.2272
37.57,126.98
37.57,126.98
28.55,115.9333
37.5985,126.9783
37.57,126.98
58.75,17
50.8333,4
39,22
37.57,126.98
37.5985,126.9783
37.57,126.98
38.1833,127.8167
37.57,126.98
37.57,126.98
37.57,126.98
42.9,23.7833
49.2333,7
35.685,139.7514
44.0744,1.5198
35.69,139.69
52,20
37.57,126.98
51.4167,5
37.57,126.98
37.57,126.98
37.57,126.98
49,32
37.57,126.98
22.8167,108.3167
37.57,126.98
37.57,126.98
37.57,126.98
39.8161,109.9776
47.3333,13.3333
37.57,126.98
39.9289,116.3883
37.5985,126.9783
35,105
35,105
14.6488,121.0509
37.57,126.98
37.57,126.98
39.9289,116.3883
37.57,126.98
37.57,126.98
52.0975,23.6878
37.57,126.98
37.57,126.98
37.5985,126.9783
37.57,126.98
37.5985,126.9783
55.7522,37.6156
59.3333,18.05
37.57,126.98
37.5985,126.9783
36.6683,116.9972
46,25
37.57,126.98
37.9833,23.7333
37.57,126.98
39.9289,116.3883
37.57,126.98
20,77
37.57,126.98
37.5985,126.9783
37.4906,127.02
48.86,2.34999999999999
31.5,34.75
37.57,126.98
49,32
37.57,126.98
37.57,126.98
35,105
43.88,125.3228
37.57,126.98
37.57,126.98
37.57,126.98
37.57,126.98
37.57,126.98
23.0268,113.1315
47,8
56,24
47,8
56,24
47,8
62,15
46.9167,7.4667
45.1667,15.5
56,10
35.685,139.7514
56,10
46,15
39.9289,116.3883
42.8333,12.8333
57.4833,12.0667
37.57,126.98
52,20
54.2021,37.6443
49.75,15.5
62,15
42.8333,12.8333
37.57,126.98
51.5167,7.44999999999999
23.5,121
47,8
48.86,2.34999999999999
37.57,126.98
39,35
51.1,3.98330000000001
37.57,126.98
46.9167,7.4667
56,24
39.9289,116.3883
58.55,15.05
37.57,126.98
48.6667,19.5
37.57,126.98
50.35,7.59999999999999
37.57,126.98
25.0392,121.525
39,35
23.5,121
37.5985,126.9783
43.88,125.3228
48.6667,19.5
62,10
42.8333,12.8333
47.3667,8.55000000000001
25.0392,121.525
39,35
35.685,139.7514
47,20
22.25,114.1667
48.86,2.34999999999999
34.6864,135.52
37.5985,126.9783
35.69,139.69
60,100
46.5667,26.9
62,15
60,100
62,15
37.5985,126.9783
60,100
25.0392,121.525
42.8333,12.8333
39.9289,116.3883
35.1928,128.0847
32,53
56,10
52.2978,104.2964
48.86,2.34999999999999
60,100
16,106
46,25
35.685,139.7514
37.5985,126.9783
43.6531,13.3404
44.4333,24.3667
56,10
34.6864,135.52
43.2167,27.9167
37.57,126.98
10,8
37.57,126.98
52.5,5.75
35.1928,128.0847
21.0333,105.85
49,32
35.69,139.69
41.0186,28.9647
35.69,139.69
60,100
35.0283,126.7175
49.2814,16.5648
35.69,139.69
35.69,139.69
39.9289,116.3883
52.5,5.75
52,20
52,20
51.9167,4.5
60,100
41.4,13.0333
47.3333,11.7
51,9
62,10
51.65,6.1833
35.69,139.69
44.4333,26.1
52,20
49.4478,11.0683
49,32
37.57,126.98
34.2583,108.9286
39.9289,116.3883
39.9289,116.3883
42.8333,12.8333
49.8875,20.7658
47.3333,13.3333
39.9289,116.3883
25.0392,121.525
21.0333,105.85
23.1167,113.25
52.5,5.75
31.5,34.75
51,9
42.8333,12.8333
52,20
46,25
50.3333,7.2167
55.7522,37.6156
36.9031,30.6991
22.1667,113.55
36.9081,30.6956
49.4478,11.0683
35.8833,139.7833
39.9289,116.3883
35.69,139.69
35.69,139.69
37.57,126.98
46.0062,8.9511
20.9667,72.9
35,105
35,105
56,24
30.6667,104.0667
34.6864,135.52
46,25
33.69,73.0551
55,73.4
51,9
22.2833,114.15
25.0392,121.525
15,100
20,77
50.8333,4
52.5,5.75
21.0333,105.85
37.57,126.98
60,100
50.7333,7.09999999999999
22.25,114.1667
42.8333,12.8333
55.7522,37.6156
51.05,4.09999999999999
51,9
48.8667,2.33330000000001
39.9289,116.3883
35.685,139.7514
37.57,126.98
35.69,139.69
21.0333,105.85
1,38
24,90
60,100
41.3984,2.17410000000001
51,9
60,100
1.29310000000001,103.8558
35.69,139.69
22.25,114.1667
53.8667,10.7
25.0389,102.7183
25.0392,121.525
32,53
35,105
25.0392,121.525
60,100
25.0392,121.525
39,35
48.86,2.34999999999999
35,33
52.5167,13.4
37.57,126.98
48.86,2.34999999999999
23.5,121
48.86,2.34999999999999
52.5,5.75
60,100
39.9289,116.3883
37.57,126.98
39.9289,116.3883
37.57,126.98
52,20
48.86,2.34999999999999
34.6836,113.5325
35.685,139.7514
33.69,73.0551
35.685,139.7514
27.8456,120.4928
51,9
46,25
23.1167,113.25
38.6989,116.0936
59.2167,18.15
25.0392,121.525
60,100
37.57,126.98
37.57,126.98
52.2978,104.2964
62,15
60,100
13.754,100.5014
60,100
60,100
38.3,29.9
36.9031,30.6991
35.69,139.69
52,20
60,100
42.8333,12.8333
49,32
39,35
52.5,5.75
35,33
47.6,13.1667
37.57,126.98
39.9289,116.3883
35.69,139.69
31.5,34.75
48.5732,13.4506
25.0392,121.525
35.69,139.69
39,35
22.25,114.1667
50.4333,30.5167
35.69,139.69
30.6667,104.0667
37.57,126.98
20,77
35.685,139.7514
37.57,126.98
42.8333,12.8333
33.5886,119.0192
35,105
45.0156,78.3739
51,9
25,45
54.3282,48.3866
22.25,114.1667
51.6667,6.9667
25.0392,121.525
21.0333,105.85
35.69,139.69
37.5985,126.9783
35.69,139.69
42.6,23.0333
49,32
25.0392,121.525
35.69,139.69
61.5,23.75
37.57,126.98
1.36670000000001,103.8
39.9289,116.3883
35.69,139.69
48.86,2.34999999999999
41,75
49.4216,26.9965
39,35
13.754,100.5014
36.9081,30.6956
23.5,121
39.9289,116.3883
44,21
32,53
32,53
47.4365,18.9124
27,30
40,45
39.9289,116.3883
46,25
37.57,126.98
22.5333,114.1333
50.8333,4
50.8333,3.26669999999999
51,9
48.86,2.34999999999999
51,9
49.7989,73.0994
30.6667,117.2194
51.9167,4.5
34.2667,135.3833
39.9289,116.3883
23.5,121
39.9289,116.3883
35.69,139.69
25.0392,121.525
22.2833,114.15
51,9
22.3667,114.1
44.4333,26.1
28.6,77.2
35,105
35.69,139.69
22.2833,114.15
42.5,27.4667
56,10
52,20
15,100
56,10
21.0333,105.85
60,100
53,28
60,100
55.3935,10.3949
32,53
60,100
37.57,126.98
3.08330000000001,101.65
60,100
47.2362,38.8969
39.9289,116.3883
39.9289,116.3883
51,9
36.5437,31.9998
45.55,11.55
48.86,2.34999999999999
48.15,17.1167
23.1167,113.25
35,105
36.5667,136.65
35.69,139.69
60,100
60,100
39,22
38.0957,43.2574
46,25
25.0392,121.525
37.57,126.98
25.0392,121.525
35.69,139.69
35.69,139.69
35.69,139.69
42.8333,12.8333
35.69,139.69
39.9289,116.3883
49,32
22.5333,114.1333
37.57,126.98
47.1167,51.8833
51,9
37.57,126.98
37.7269,112.4708
59.8944,30.2642
2.5,112.5
25.0392,121.525
64,26
59.9167,10.75
60,100
52.5,9.4667
39.9289,116.3883
52.35,4.91669999999999
25.0392,121.525
47,20
34.2583,108.9286
39,35
52,20
60,100
21.0333,105.85
53.1667,8.19999999999999
35.69,139.69
35.69,139.69
21.0333,105.85
37.57,126.98
34.6864,135.52
39.4869,43.5688
35,105
33.8333,35.8333
54.9,23.9
39.9289,116.3883
25.0392,121.525
13,122
36.3214,127.4197
56,10
37.57,126.98
60,100
35.69,139.69
39.9289,116.3883
25.0392,121.525
20,77
13.754,100.5014
49,32
42.6833,23.3167
46,25
25.0392,121.525
37.57,126.98
37.57,126.98
51.1,17.0333
35.69,139.69
35.69,139.69
13,122
9.84780000000001,106.3456
49.75,15.5
52.5,5.75
27,30
1,38
35.685,139.7514
52.3667,9.7167
39.9289,116.3883
15,100
49,32
37.57,126.98
51,9
48.86,2.34999999999999
42.05,25.6
39.9289,116.3883
51,9
35,105
16,106
42.6833,23.3167
42.6833,23.3167
35.69,139.69
47.3333,11.7
22.25,114.1667
21.0333,105.85
37.57,126.98
39.9289,116.3883
25.0392,121.525
37.57,126.98
48.4689,38.8167
37.57,126.98
42.8333,12.8333
22.5333,114.1333
3.16669999999999,101.7
40.8333,14.25
39.9289,116.3883
60,100
51,9
47.4333,12.75
60,100
22.25,114.1667
49,32
56,24
21.0333,105.85
39.9289,116.3883
39.9289,116.3883
20,77
37.57,126.98
46,25
21.0333,105.85
22.25,114.1667
31.0456,121.3997
25.0392,121.525
31.8639,117.2808
41.0186,28.9647
41.5333,14.0667
37.57,126.98
37.57,126.98
37.57,126.98
22.25,114.1667
56.3269,44.0075
15,100
37.57,126.98
39.9289,116.3883
61.35,25.2833
60,100
37.57,126.98
20,77
35.69,139.69
60,100
46,25
31.5,34.75
60,100
52.35,4.91669999999999
20,77
35.685,139.7514
31.5,34.75
39.9289,116.3883
25.0392,121.525
35,105
35.69,139.69
23.5,121
51,9
60,100
39,35
35.69,139.69
31.0456,121.3997
39.9289,116.3883
51,9
37.57,126.98
47,8
25.0392,121.525
28.6667,77.4333
54.6833,25.3167
21.0333,105.85
34.6864,135.52
25.0392,121.525
51,9
35.685,139.7514
41.9,12.4833
60,100
35.685,139.7514
33.3386,44.3939
39.9289,116.3883
35.685,139.7514
46,25
37.5985,126.9783
47,20
62,15
39,22
51.1811,71.4278
49,32
37.57,126.98
25.0392,121.525
36.724,126.8082
39.9289,116.3883
35,105
48.9833,14.4667
42.8333,12.8333
45.6333,9.84999999999999
48.86,2.34999999999999
39,22
44.4333,26.1
35.69,139.69
25.0392,121.525
39.9289,116.3883
25.0392,121.525
60,100
52.5167,13.4
23.5,121
25.0392,121.525
46,25
52.3,76.95
47.2594,8.18850000000001
38.0957,43.2574
37.57,126.98
52.5,5.75
37.57,126.98
52.5167,13.4
54.9106,9.7928
42.8333,12.8333
25.5,51.25
39.9289,116.3883
39,22
37.5985,126.9783
37.57,126.98
48.86,2.34999999999999
37.5985,126.9783
34.6836,113.5325
55.7522,37.6156
35.685,139.7514
22.25,114.1667
60,100
37.5985,126.9783
2.5,112.5
37.5985,126.9783
36.297,59.6062
20,77
35.7167,140.65
52.35,4.91669999999999
43,25
49,32
37.5985,126.9783
35.69,139.69
39,22
43.85,18.3833
45.55,11.55
23.5,121
39.9289,116.3883
52.5,5.75
32,53
26.9167,75.8167
43.5995,1.4332
48.86,2.34999999999999
62,15
43.25,76.95
60,100
51.9667,10.0167
39.9289,116.3883
47,20
47,20
42.8333,12.8333
42.6833,23.3167
37.57,126.98
24,90
51.9167,4.5
49,32
46,25
37.57,126.98
52,20
48.86,2.34999999999999
15,100
37.57,126.98
39.9289,116.3883
1.36670000000001,103.8
51,9
52,20
43.3696,5.6326
51,9
51,9
22.25,114.1667
30.6667,104.0667
52,20
37.57,126.98
34.2667,135.3833
62,15
51.0833,1.1833
22.25,114.1667
39.9289,116.3883
35,105
56,24
37.57,126.98
50.7167,10.45
37.57,126.98
53.1667,63.5833
15,100
64,26
22.25,114.1667
35.69,139.69
56.95,24.1
35.69,139.69
35.685,139.7514
35.2556,139.1597
37.57,126.98
49,32
33.69,73.0551
37.57,126.98
49.75,15.5
48.86,2.34999999999999
52.3107,4.8768
47,20
35,105
42.8333,12.8333
39.9289,116.3883
39.9289,116.3883
51,9
35.685,139.7514
13,122
21.0333,105.85
20,77
3.0333,101.7167
42.6,23.0333
35.69,139.69
51,9
21.0333,105.85
22.25,114.1667
45.5333,9.48330000000001
37.5985,126.9783
12.8639,74.8353
20,77
35.685,139.7514
35,105
35,105
60,100
37.57,126.98
51,9
51,9
39.8161,109.9776
59,26
42.0156,121.6589
48.86,2.34999999999999
60,100
49.2328,28.481
51,9
39,35
47.1667,27.6
39.9289,116.3883
35,105
31.5,34.75
25.0392,121.525
27,30
41.3464,21.5544
23.5,121
25.0392,121.525
31.0456,121.3997
55.0038,50.0549
37.5985,126.9783
60,100
56,24
42.6833,23.3167
37.5985,126.9783
35.69,139.69
43.801,87.6005
51,9
56.8519,60.6122
56,24
60,100
37.57,126.98
60,100
48.8667,2.33330000000001
39.9289,116.3883
45.65,9.19999999999999
49.3536,11.1483
1.36670000000001,103.8
35.7167,140.65
30.2936,120.1614
23.5,121
47,8
30.2936,120.1614
39.9289,116.3883
39.9289,116.3883
30,70
30.2936,120.1614
39.8897,115.275
25.0392,121.525
35.1826,59.3886
37.57,126.98
48.86,2.34999999999999
50.1395,13.966
23.5,121
35,105
35,105
37.57,126.98
39,35
60,100
35.685,139.7514
35.685,139.7514
44.8186,20.4681
28.6,77.2
16.45,120.55
13,105
60,100
39.9289,116.3883
35,105
31.5497,74.3436
37.57,126.98
60,100
35.69,139.69
35.685,139.7514
37.57,126.98
39.9289,116.3883
37.57,126.98
59.3333,18.05
46,25
47,8
60,100
15,100
37.57,126.98
35,105
15,100
49,32
48.7667,9.1833
51,9
39.9289,116.3883
47.6333,26.25
56,10
43.25,76.95
51,9
51,9
47,8
42.6,23.0333
37.5985,126.9783
35.69,139.69
35,105
22.25,114.1667
13.0833,80.2833
37.57,126.98
59.5638,150.8035
37.57,126.98
37.57,126.98
23.5,121
37.57,126.98
35.69,139.69
64,26
37.57,126.98
56,24
60,100
51.7833,8.5667
35,105
35.685,139.7514
48,68
32.7026,51.1537
59.9167,10.75
28.57,77.32
52,20
39.9289,116.3883
56,10
56,24
56,10
51,9
44.4333,26.1
35.0027,136.8642
35.685,139.7514
52.5,5.75
39,35
39.8161,109.9776
25.0392,121.525
48.86,2.34999999999999
39.9289,116.3883
22.4667,87.15
24,90
49.9808,36.2527
62,15
21.0333,105.85
32,53
42.6833,23.3167
52,20
36.9031,30.6991
50.5181,30.8067
48.86,2.34999999999999
19.15,72.9333
41.0186,28.9647
39.9289,116.3883
35.69,139.69
25.0392,121.525
31.0456,121.3997
36.6683,116.9972
34.6836,113.5325
39.9289,116.3883
51,9
52.5,5.75
50.4333,30.5167
22.3667,114.1
37.57,126.98
35.8703,128.5911
25.0392,121.525
43,25
20,77
46,25
23.5,121
55.3333,86.0833
45.1667,15.5
35.685,139.7514
15,100
22.5333,114.1333
10.0333,105.7833
25.0392,121.525
10,8
48.86,2.34999999999999
49.75,15.5
49.7989,73.0994
35.69,139.69
25.0392,121.525
25.0392,121.525
52.35,4.91669999999999
49.4478,11.0683
24,90
54.8753,69.1628
51,9
64,26
49,32
21.0333,105.85
37.5985,126.9783
47.4202,40.0913
50.85,5.6833
38.6989,116.0936
43,25
22.25,114.1667
60,100
21.0333,105.85
47,8
51.2167,6.76669999999999
58.6667,17.1
51,9
49,32
60,100
52,20
60,100
51.9167,4.5
25.0392,121.525
60,100
43.88,125.3228
39.9289,116.3883
52.35,4.91669999999999
52,20
24.4798,118.0819
42.6833,23.3167
37.3419,127.8993
29.3375,47.6581
39.9289,116.3883
52.5,5.75
23.5,121
25.0392,121.525
43,25
39.9289,116.3883
51,9
48.7231,37.5563
13.754,100.5014
42.8333,12.8333
37.57,126.98
35.69,139.69
37.5985,126.9783
23.5,121
37.57,126.98
35.7167,140.2333
35,105
52.0938,5.1191
14.6042,120.9822
47,8
39.9289,116.3883
48.86,2.34999999999999
60,100
35.69,139.69
60,100
51.2993,9.491
48.8582,2.3387
51.2993,9.491
41.0214,28.9948
52.3824,4.8995
41,75
52,20
48.86,2.34999999999999
55.7522,37.6156
52.0936,20.806
20,77
25.0392,121.525
37.57,126.98
37.57,126.98
37.57,126.98
37.57,126.98
47.3333,13.3333
35.69,139.69
56.162,101.6218
49.75,15.5
35.685,139.7514
51,9
35.69,139.69
31.5,34.75
27,30
39.9289,116.3883
39.9289,116.3883
46,25
48.86,2.34999999999999
37.57,126.98
46.5667,20.6667
37.57,126.98
42.8333,12.8333
48.2,16.3667
31.0456,121.3997
37.57,126.98
34.6864,135.52
13,122
37.57,126.98
38.9,16.5833
49,32
22.25,114.1667
39.9289,116.3883
35.685,139.7514
47,8
35,105
49,32
39.1422,117.1767
52,20
39.8161,109.9776
22.25,114.1667
25.0392,121.525
51,9
15.85,108.3833
62,10
35.685,139.7514
49.6912,19.1742
48.15,11.5833
60,100
48.86,2.34999999999999
52.0938,5.1191
19.2,72.9667
52.0244,5.5598
51,9
43,25
49.7989,73.0994
22.2833,114.15
56,10
51,9
34.6864,135.52
20,77
37.57,126.98
37.5985,126.9783
52,20
43,25
37.57,126.98
46,25
28.6667,77.2167
35.685,139.7514
51,9
39.9289,116.3883
35.685,139.7514
56.1292,53.3703
49.75,15.5
49.75,13.3667
37.57,126.98
23.1167,113.25
52.5,5.75
48.86,2.34999999999999
22.5333,114.1333
39.9289,116.3883
43.25,76.95
37.57,126.98
15,100
35.69,139.69
52,20
43.1211,131.9226
52.5931,19.0894
44,21
55.744,38.0168
60,100
50.8333,3.26669999999999
60,100
48.15,11.5833
37.5985,126.9783
25.0392,121.525
43,25
42.6,23.0333
39.9289,116.3883
39.9289,116.3883
21.0333,105.85
35,105
55.5529,34.9954
39.9289,116.3883
43,25
52.25,21
43.25,76.95
37.57,126.98
48.86,2.34999999999999
20,77
47.1925,5.38730000000001
39.9289,116.3883
43,25
52,20
22.2833,114.15
35.685,139.7514
62,15
49.75,15.5
59.9167,10.75
48.6667,19.5
37.57,126.98
37.5985,126.9783
37.57,126.98
37.57,126.98
39.9289,116.3883
51.2,3.48330000000001
35.69,139.69
60,100
52,20
45.4667,9.19999999999999
37.57,126.98
49,32
47.7244,19.1705
34.6913,135.183
56,10
51,9
62,10
35,105
49,32
23.1167,113.25
52,20
37.57,126.98
16,106
51,9
60,100
23.5,121
37.5985,126.9783
42.8333,12.8333
49.75,15.5
35.69,139.69
42.8333,12.8333
21.0333,105.85
52.5931,19.0894
34.6836,113.5325
39.9289,116.3883
39.9289,116.3883
31.8667,35.45
59.8917,10.5247
39,35
62,15
35.685,139.7514
21.0333,105.85
35.685,139.7514
46,15
37.57,126.98
60,100
14.5667,121.0333
54.8753,69.1628
37.57,126.98
44.4333,26.1
35.685,139.7514
35.685,139.7514
49.75,15.5
35.69,139.69
37.57,126.98
25.0392,121.525
52,20
20,77
51,9
37.57,126.98
25.0392,121.525
39.9289,116.3883
37.5985,126.9783
46,25
51,9
25,45
40.1917,29.0611
37.5985,126.9783
37.57,126.98
52.5,5.75
32.6572,51.6776
60,100
25,45
37.57,126.98
15,100
47,20
21.0333,105.85
37.57,126.98
39.9289,116.3883
37.57,126.98
35.69,139.69
37.57,126.98
42.8333,12.8333
42.9,71.3667
56,10
52.5,5.75
55.8665,38.4438
47,8
45.4667,9.19999999999999
21.0333,105.85
52.5,5.75
13.0833,80.2833
60,100
32.6572,51.6776
51,9
21.0333,105.85
37.57,126.98
51,9
60,100
60,100
62,15
42.0675,19.5131
37.4315,47.7874
48.86,2.34999999999999
50.8333,4
48.86,2.34999999999999
31.5497,74.3436
35,105
43.9833,78.8
22.2833,114.15
32.7026,51.1537
21.0333,105.85
49.9808,36.2527
25.0392,121.525
22.5333,114.1333
60,100
46.25,20.1667
21.0333,105.85
53,28
48.86,2.34999999999999
35.69,139.69
48.86,2.34999999999999
35.69,139.69
48.86,2.34999999999999
35.69,139.69
48.9117,2.28469999999999
39,35
49,32
62,15
51,9
42.8333,12.8333
48.86,2.34999999999999
32.7026,51.1537
47.1333,24.4833
46,25
44.4333,26.1
59.2,18.2
35.69,139.69
32,53
12.9833,77.5833
37.57,126.98
42.8333,12.8333
42.8333,12.8333
50.0921,18.5475
52.5,5.75
49,32
51,9
35.69,139.69
43.2592,26.5892
37.57,126.98
51.5114,18.8512
34.6864,135.52
59.3333,18.05
52,20
39.9289,116.3883
51.9,8.2833
34.6667,135.5
45.6,8.63329999999999
52.3667,9.7167
35.69,139.69
50.0833,14.4667
35.685,139.7514
60,100
39.9289,116.3883
51.9393,15.5058
39.9289,116.3883
43.88,125.3228
42.8333,12.8333
39.9289,116.3883
60,100
52,20
46.3333,24.2833
25.0392,121.525
52.5931,19.0894
39.9289,116.3883
22.35,114.1333
51,9
35.3833,133.2667
48.15,11.5833
49,32
42.8333,12.8333
18.975,72.8258
60,100
52.5167,13.4
46,25
46,25
51,9
43.25,76.95
39.9289,116.3883
35,105
39,35
39.9289,116.3883
52,20
24,90
37.57,126.98
62,10
22.2833,114.15
33.8333,35.8333
57,25
23.5,121
52.5,5.75
12.9833,77.5833
52.5,5.75
35.1826,59.3886
46,25
49.75,15.5
35.69,139.69
42.6833,23.3167
46.3333,24.2833
35,105
39.9289,116.3883
43.8338,4.3596
44.1833,28.65
35.69,139.69
49,32
51,9
51.1537,15.0088
35.69,139.69
21.0333,105.85
57,25
42.8333,12.8333
35.69,139.69
22.25,114.1667
2.5,112.5
43.25,76.95
35.69,139.69
60.6167,16.7667
25,45
51,9
41,75
20,77
34.6836,113.5325
34.6836,113.5325
37.57,126.98
49.3228,8.54580000000001
52.7317,41.4433
37.54,127.2056
51,9
52,20
16,106
60,100
37.57,126.98
35.69,139.69
46.4089,3.05520000000001
52.2,0.116700000000009
35.69,139.69
39.9289,116.3883
22.25,114.1667
35.685,139.7514
60,100
51.4333,6.75
35.69,139.69
29.5628,106.5528
52,20
43.3167,11.35
35,105
51.4833,7.2167
25.0392,121.525
51,9
46,25
44.4333,26.1
60,100
35.69,139.69
28.6667,77.2167
11.55,104.9167
21.0333,105.85
37.57,126.98
23.0268,113.1315
62,15
48.7667,9.1833
39.9289,116.3883
49.7989,73.0994
51,9
56,10
10.1989,105.941
21.0333,105.85
39,35
37.5985,126.9783
46,25
51,9
37.57,126.98
39.9289,116.3883
49.594,17.2512
37.57,126.98
35.69,139.69
48.86,2.34999999999999
37.57,126.98
52.5,5.75
20,77
52,20
53.55,10
41.5703,120.4586
39.9289,116.3883
52,20
37.57,126.98
56,24
37.57,126.98
51,9
42.6833,23.3167
61.6833,24.35
39.9289,116.3883
50.6107,36.5802
49,32
35,105
37.57,126.98
39,22
25.0392,121.525
37.57,126.98
43.25,76.95
55.6,13
39.9289,116.3883
39.9289,116.3883
35.69,139.69
22.5697,88.3697
30.011,120.5715
37.5985,126.9783
35.69,139.69
55.7522,37.6156
37.57,126.98
26.0614,119.3061
34.1421,45.9203
49,32
23.5,121
51,9
51.5333,0.699999999999989
52.25,21
52.5167,13.4
48.86,2.34999999999999
34.6836,113.5325
42.8333,12.8333
46,25
48.86,2.34999999999999
29.3375,47.6581
51.05,3.7167
46.1381,14.5978
51,9
51,9
51.5167,7.44999999999999
48.86,2.34999999999999
20,77
39,35
20,77
37.57,126.98
20,77
13,105
62,15
22.25,114.1667
60,100
37.57,126.98
22.25,114.1667
60,100
46,25
37.57,126.98
34.6864,135.52
51,9
39.9289,116.3883
52,20
39.9289,116.3883
29.3375,47.6581
35.7167,140.2333
21,57
50.0833,14.4667
41.8333,22
24,90
35.69,139.69
46,25
51,9
42.3,69.6
52.5,5.75
35.69,139.69
39.9289,116.3883
48.86,2.34999999999999
35.69,139.69
52.5,5.75
46.9167,7.4667
35.69,139.69
39.9289,116.3883
23.5,121
50.7333,7.09999999999999
47,20
51,9
35.69,139.69
39.9289,116.3883
50.0833,19.9167
35.69,139.69
20,77
15,100
51.5,5.65000000000001
48.86,2.34999999999999
49,32
22.3667,114.1
39.8161,109.9776
25.2867,51.5333
21.0333,105.85
35.685,139.7514
52.5,5.75
51,9
37.57,126.98
64,26
47,8
22.25,114.1667
44.4333,26.1
25,45
34.6864,135.52
46,25
49.75,15.5
35.69,139.69
49,32
37.5985,126.9783
47,8
37.57,126.98
35.685,139.7514
22.25,114.1667
37.5985,126.9783
35,105
60,100
39.9289,116.3883
48,68
35.69,139.69
20,77
21.0333,105.85
42.3,24.9667
42.8333,12.8333
49.5333,7.84999999999999
39.9289,116.3883
62,15
37.57,126.98
56,10
48.86,2.34999999999999
46,25
49,32
39.9289,116.3883
60,100
20,77
48.86,2.34999999999999
54.1833,10.0167
37.57,126.98
23.0268,113.1315
1.29310000000001,103.8558
25.0392,121.525
13.9833,108
48.8667,2.33330000000001
37.5985,126.9783
22.25,114.1667
21.0333,105.85
35.69,139.69
53.8667,10.7
35.69,139.69
35,105
35.69,139.69
55.7522,37.6156
35.685,139.7514
47.3333,13.3333
45.0156,78.3739
35.69,139.69
45.75,126.65
37.57,126.98
37.57,126.98
37.57,126.98
22.25,114.1667
21.0333,105.85
51,9
51,9
60,100
52,20
35.69,139.69
39.9289,116.3883
35.685,139.7514
52.5,5.75
37.5985,126.9783
28.6,77.2
61.5,23.75
55.45,65.3333
46,25
57,25
37.57,126.98
37.5985,126.9783
35.69,139.69
52.5,5.75
47.3333,13.3333
28.9,76.5667
35,105
22.25,114.1667
60,100
32,53
37.4536,126.7317
60,100
48.86,2.34999999999999
13,105
35.685,139.7514
35.685,139.7514
19.8333,105.25
42.8333,12.8333
52.5,5.75
42.8333,12.8333
22.2833,114.15
34.6667,135.5833
57,25
2.5,112.5
35,105
52.5,5.75
21.0333,105.85
56,24
25.0392,121.525
22.5697,88.3697
49,32
49.75,15.5
48.2,16.3667
52.5,5.75
53.1667,63.5833
37.57,126.98
30.2936,120.1614
37.57,126.98
41.3833,2.1833
22.2833,114.15
22.2833,114.15
39.9289,116.3883
37.5985,126.9783
23.5,121
60,100
45.0167,9.66669999999999
51.9167,4.5
1,38
20,77
30.6667,104.0667
35,33
35,33
21.0333,105.85
35.1028,129.0403
52.5,5.75
22.25,114.1667
23.0268,113.1315
39.9289,116.3883
48.86,2.34999999999999
51,9
35,105
49.75,15.5
46,25
23.5,121
34.6864,135.52
42.9,71.3667
49,32
39.9289,116.3883
30.2936,120.1614
42.8333,12.8333
52.3833,8.61670000000001
37.57,126.98
25.0392,121.525
35.69,139.69
50.8333,3.26669999999999
37.57,126.98
37.57,126.98
35.69,139.69
56,24
23.5,121
37.57,126.98
49,32
62,15
49,32
48.86,2.34999999999999
25,45
48.86,2.34999999999999
37.57,126.98
51,9
42.8333,12.8333
37.5985,126.9783
39.9289,116.3883
20,77
37.57,126.98
41.8333,22
22.25,114.1667
43.25,76.95
50.8333,4
25,45
35.685,139.7514
52,20
47,8
43.25,76.95
37.0742,36.2478
35.69,139.69
60,100
49.594,17.2512
37.57,126.98
42.9,71.3667
25.0392,121.525
51,9
20,77
60,100
52,20
21.0333,105.85
37.57,126.98
49,32
37.57,126.98
48.86,2.34999999999999
49.8407,24.0305
34.6864,135.52
48,68
53.7,10.0167
37.57,126.98
32.6572,51.6776
25.0392,121.525
56,24
22.2833,114.15
46,25
56.65,23.7128
13.754,100.5014
35.685,139.7514
37.9833,23.7333
1.36670000000001,103.8
60,100
60,100
35,105
51.4856,7.53659999999999
51.5333,0.699999999999989
59,26
52.2833,7.44999999999999
35.685,139.7514
50.0833,14.4667
52,20
49.7989,73.0994
50.8333,3.26669999999999
35.69,139.69
52,20
15,100
49.75,15.5
49.75,15.5
50.8333,4
25.0392,121.525
47,8
46,25
48.86,2.34999999999999
49,32
35,105
23.5,121
45.0156,78.3739
37.57,126.98
44,21
50.8333,3.26669999999999
3.0333,101.45
59.9167,10.75
25.0392,121.525
28.6667,77.2167
37.57,126.98
25.0389,102.7183
37.5985,126.9783
25.0392,121.525
44.8186,20.4681
32,53
37.57,126.98
42.8333,12.8333
20,77
39,35
37.57,126.98
25.0392,121.525
25.0392,121.525
59.3667,13.5
35.7167,140.65
31.5,34.75
45.0428,41.9734
30,70
60,100
42.0156,121.6589
23.5,121
25.0392,121.525
48.6667,19.5
25,45
32.0617,118.7778
48.6,17.8333
49.8407,24.0305
60,100
48.7667,9.1833
50.6667,17.95
39.9289,116.3883
39.9289,116.3883
32.0617,118.7778
45.0448,38.976
35,105
52.5,5.75
14.6042,120.9822
25.0392,121.525
25.0392,121.525
25,45
37.57,126.98
49,32
55.0415,82.9346
52,20
25,45
47,20
51,9
25.0364,101.5456
51.2167,6.76669999999999
42.8333,12.8333
37.57,126.98
51,9
37.57,126.98
51,9
35.69,139.69
25.0392,121.525
37.57,126.98
23.5,121
52,20
45.4167,26.35
28.6,77.2
37.57,126.98
37.57,126.98
47,8
15,100
23.5,121
47.2029,8.94370000000001
35.685,139.7514
20,77
49,32
48.86,2.34999999999999
51,9
31.5,34.75
22.25,114.1667
52.5,5.75
51,9
37.5985,126.9783
39.9289,116.3883
64,26
37.5985,126.9783
40.917,38.3874
40.917,38.3874
37.57,126.98
35.69,139.69
52.35,4.91669999999999
55.7522,37.6156
39.9289,116.3883
48.2,16.3667
60,100
48.0833,7.36670000000001
52,20
37.57,126.98
41.0186,28.9647
35.685,139.7514
16,106
21.0333,105.85
47.3333,13.3333
22.25,114.1667
35.685,139.7514
64,26
37.57,126.98
22.25,114.1667
37.57,126.98
46,25
15,100
56.4977,84.9744
34.2583,108.9286
59,26
51,9
57.6198,39.8554
60,100
59.8944,30.2642
39.9289,116.3883
60,100
51,9
37.5985,126.9783
44.1833,28.65
56,24
25.0392,121.525
42.8333,12.8333
60,100
37.57,126.98
48.86,2.34999999999999
39.9289,116.3883
54.9,23.9
21.0333,105.85
39.9289,116.3883
60,100
51,9
52,20
51,9
28.939,53.2455
57.1914,39.4139
25.0392,121.525
62,10
56.3606,30.2708
51.1811,71.4278
35.69,139.69
39.9289,116.3883
37.57,126.98
28.6667,77.2167
48.15,17.1167
32,53
39,22
52.5,5.75
52.5,5.75
59,26
60,100
47,8
56,24
60,100
54.3282,48.3866
22.5333,114.1333
35.69,139.69
51,9
52.5,5.75
60,100
52,20
48.86,2.34999999999999
49,32
39.9289,116.3883
39.9289,116.3883
37.57,126.98
22.2833,114.15
62,10
39.9289,116.3883
18.975,72.8258
31.5,34.75
39.9289,116.3883
39.9289,116.3883
55.7522,37.6156
30.2936,120.1614
35.69,139.69
37.5985,126.9783
39.9289,116.3883
21.0333,105.85
22.25,114.1667
39.9289,116.3883
37.57,126.98
35.4639,48.8763
51,3.75
25.0392,121.525
35.685,139.7514
49.4478,11.0683
46,25
25.0392,121.525
60,100
37.57,126.98
51,9
43,25
60,100
25.0392,121.525
59.9167,10.75
37.5985,126.9783
25.0392,121.525
49.691,18.3241
37.57,126.98
50.7667,7.40000000000001
52,20
37.57,126.98
49.2367,16.4018
60,100
48.86,2.34999999999999
39.9289,116.3883
52.35,4.91669999999999
21.0333,105.85
45.8,24.15
48.86,2.34999999999999
47,8
37.5985,126.9783
62,10
39.9289,116.3883
51,9
39,35
34.6864,135.52
52.5167,13.4
2.94309999999999,101.6994
39.9289,116.3883
51,9
52,20
37.57,126.98
52,20
28.1792,113.1136
41.3464,21.5544
53.7557,87.1099
52.0938,5.1191
16,106
52.5,5.75
52,20
60,100
21.0333,105.85
37.57,126.98
35.685,139.7514
51,9
23.5,121
39.9289,116.3883
39.9289,116.3883
48.86,2.34999999999999
37.57,126.98
52.5,5.75
39.9289,116.3883
20,77
42.8333,12.8333
37.57,126.98
45.1667,15.5
42.8333,12.8333
39.9289,116.3883
51,9
37.57,126.98
51,9
51.65,6.1833
21.0333,105.85
30.6667,104.0667
60,100
23.5,121
35.685,139.7514
37.5985,126.9783
35.69,139.69
53.3326,6.92420000000001
22.8167,108.3167
59.8944,30.2642
52,20
52.5,5.75
48.86,2.34999999999999
22.25,114.1667
35.7167,140.2333
39.9289,116.3883
13.754,100.5014
37.57,126.98
16,106
59.8944,30.2642
36.9031,30.6991
44.35,11.7
42.6833,23.3167
22.25,114.1667
39.9289,116.3883
35.69,139.69
52,20
37.57,126.98
37.57,126.98
37.57,126.98
31.5,34.75
60,100
39.9289,116.3883
15,100
52.9651,36.0785
1.29310000000001,103.8558
45.55,9.2167
37.57,126.98
52.5,5.75
39.9289,116.3883
14.5667,121.0333
22.5333,114.1333
45.3833,7.86670000000001
49.912,15.3948
42.8333,12.8333
49.55,12.0167
52.5,5.75
49.7989,73.0994
57,25
37.57,126.98
51,9
37.57,126.98
25.0392,121.525
13.754,100.5014
37.57,126.98
18.975,72.8258
42.8333,12.8333
35,105
46.55,11.7667
41.5703,120.4586
21.0333,105.85
39.9289,116.3883
37.57,126.98
22.5333,114.1333
60,100
37.57,126.98
31.0456,121.3997
35,105
54.3333,10.1333
35.7167,140.2333
47,20
52.5,5.75
62,10
25.0389,102.7183
47,20
48.86,2.34999999999999
42.8333,12.8333
47.2066,7.51660000000001
56.8519,60.6122
32,53
37.57,126.98
35.685,139.7514
49.75,15.5
52,20
37.57,126.98
43.25,76.95
62,10
42.3489,27.1942
47.3333,13.3333
42.6833,23.3167
35,105
39.9289,116.3883
52.3,76.95
37.57,126.98
41.7922,123.4328
35.69,139.69
35.685,139.7514
41.5703,120.4586
37.5985,126.9783
37.57,126.98
48,68
37.5985,126.9783
26,50.55
47,8
48.86,2.34999999999999
51,9
23.5,121
36.9031,30.6991
51,9
60,100
57,25
51,9
49.2328,28.481
52.5,5.75
36.6683,116.9972
42,43.5
49.4478,11.0683
47.0667,15.45
21.0333,105.85
43,25
37.57,126.98
37.57,126.98
37.57,126.98
39,22
55.7522,37.6156
35,105
42.8333,12.8333
52.5,5.75
39.9289,116.3883
16,106
37.2911,127.0089
43.25,76.95
2.5,112.5
39.9289,116.3883
51,9
51,9
52,20
30.5801,114.2734
47.0056,28.8575
44.6667,10.9167
25.0392,121.525
49.9808,36.2527
55.4137,12.1433
37.57,126.98
52.5,5.75
39,35
44.4333,26.1
31.5,34.75
20.8561,106.6822
60,100
47,20
49,32
35.69,139.69
21.0333,105.85
37.57,126.98
60,100
32,53
60,100
42.8333,12.8333
52,20
60,100
51,9
22.25,114.1667
51,9
54.6833,25.3167
39,22
1.36670000000001,103.8
20,77
49,32
2.5,112.5
22.2833,114.15
39.9289,116.3883
35,105
49.25,7.36670000000001
52.5,5.75
49.75,15.5
53.3606,83.7636
35,105
15,100
35.69,139.69
48.86,2.34999999999999
23.5,121
23.5,121
52,20
37.57,126.98
22.5333,114.1333
23.5,121
56.95,24.1
25.0392,121.525
62,15
35.69,139.69
37.57,126.98
51,9
49,32
51,9
48.86,2.34999999999999
43.25,76.95
62,10
47,8
52,20
52,20
22.2833,114.15
37.2833,15
60,100
37.57,126.98
22.5333,114.1333
62,15
47.5504,9.1524
7.19880000000001,100.5951
28.35,79.4167
37.5985,126.9783
23.1167,113.25
22.25,114.1667
37.5985,126.9783
36.9031,30.6991
2.5,112.5
2.5,112.5
56,10
62,15
60,100
28.1792,113.1136
60,100
51.5333,0.699999999999989
10,8
52.5,5.75
48.6667,19.5
52,20
45.6,11.6167
49.75,15.5
39.9289,116.3883
52.5,5.75
35.69,139.69
60,100
49.4883,8.46469999999999
47,8
22.5333,114.1333
49.75,15.5
48.7167,8.73330000000001
21.0333,105.85
35,105
52,20
55.7522,37.6156
43.25,76.95
35,105
46.9167,7.4667
42.8333,12.8333
32.6572,51.6776
46,25
49,32
39,22
51.5833,9.9333
35.69,139.69
51,9
52.25,21
52.5,5.75
25.0392,121.525
62,15
45.45,11
62,15
1.36670000000001,103.8
39.9289,116.3883
62,15
51,9
49,32
35,105
37.57,126.98
1.36670000000001,103.8
37.57,126.98
55.0415,82.9346
35,105
35.685,139.7514
48.0004,0.204700000000003
60,100
51.9167,4.5
55.3333,86.0833
37.57,126.98
15,100
52,20
36.0986,120.3719
25.0392,121.525
35.7167,140.65
39.9289,116.3883
35,105
56,10
52,20
52.5,5.75
39,35
35.685,139.7514
22.5333,114.1333
24.4798,118.0819
34.6836,113.5325
37.57,126.98
60,100
39.9289,116.3883
37.57,126.98
25.0392,121.525
55.7522,37.6156
51,9
35,105
46,25
39.9289,116.3883
49,32
35.69,139.69
37.57,126.98
49,32
51,9
51,9
35,105
56.9053,59.9436
42.8333,12.8333
37.5985,126.9783
51,9
35,105
60,100
37.57,126.98
39.9289,116.3883
50.8333,4
32,53
38.4127,27.1384
13.754,100.5014
25.0392,121.525
39.9289,116.3883
51,9
49.7989,73.0994
39.9289,116.3883
3.0333,101.45
20,77
23.5,121
20,77
22.25,114.1667
25.0392,121.525
52,20
64,26
41.9,12.4833
49,32
55.7198,12.352
21.0333,105.85
41.9,12.4833
47,8
48.86,2.34999999999999
51,9
30,70
23.1167,113.25
60,100
39.9289,116.3883
49.4285,32.0621
37.5,15.1
47.6333,26.25
37.57,126.98
35.685,139.7514
52,20
35.69,139.69
15,100
35.69,139.69
37.57,126.98
52.35,4.91669999999999
35,105
48.86,2.34999999999999
64,26
21.0333,105.85
20,77
22.5333,114.1333
52.0186,4.37819999999999
40,45
42.8333,12.8333
51,9
35.685,139.7514
42.0156,121.6589
46,25
25.2867,51.5333
37.5985,126.9783
25.2867,51.5333
37.5985,126.9783
51.1167,13.9167
35.69,139.69
52,20
35.685,139.7514
51,9
44,21
37.57,126.98
35.69,139.69
37.57,126.98
48.6667,19.5
22.2833,114.15
39.9289,116.3883
47,8
39.8161,109.9776
37.57,126.98
35.69,139.69
52,20
39,35
39.9289,116.3883
56.8498,53.2045
35.69,139.69
44.8186,20.4681
37.57,126.98
48.463,35.039
48.86,2.34999999999999
48.86,2.34999999999999
47,8
55.7522,37.6156
35.69,139.69
21.0333,105.85
39.8161,109.9776
52.5167,13.4
35.69,139.69
22.25,114.1667
22.5333,114.1333
48.2,16.3667
35,105
39.9289,116.3883
52,20
37.57,126.98
35.685,139.7514
52.5931,19.0894
32,35.25
62,10
25.0392,121.525
23.0333,113.7167
63.1833,14.5333
39,35
37.4686,127.7747
51,9
23.5,121
21.0333,105.85
31.5,34.75
60,100
52.5,5.75
50.8333,4
42.8333,12.8333
39.9289,116.3883
50.6667,7.5667
39.9289,116.3883
37.5985,126.9783
51,9
35,105
20,77
39.9289,116.3883
59.8944,30.2642
49,32
22.25,114.1667
28.6,77.2
34.6836,113.5325
39.9289,116.3883
20,77
42.8333,12.8333
37.57,126.98
34.6864,135.52
25.0392,121.525
35.69,139.69
47.3333,13.3333
37.57,126.98
35.685,139.7514
35.685,139.7514
18.975,72.8258
48.86,2.34999999999999
35.685,139.7514
12.9833,77.5833
22.25,114.1667
48.86,2.34999999999999
47.3683,8.3878
52,20
34.6864,135.52
46,25
52.35,4.91669999999999
52,20
35.69,139.69
43.25,76.95
31.0456,121.3997
20,77
41.7922,123.4328
35.685,139.7514
39,22
16,106
56,24
52,20
23.5,121
39.9289,116.3883
51,9
60,100
46,25
46,25
52.5,5.75
39.9289,116.3883
39.9289,116.3883
3.16669999999999,101.7
25.0392,121.525
47,8
37.57,126.98
42.8333,12.8333
43.5667,27.8333
29.3697,47.9783
37.57,126.98
47,20
60,100
56,24
52.5,5.75
52.5,5.75
51,9
39.9289,116.3883
35.685,139.7514
37.57,126.98
35.69,139.69
42.8333,12.8333
46.6425,6.63730000000001
35.69,139.69
51,9
37.57,126.98
35.685,139.7514
42.0156,121.6589
23.5,121
26.85,80.9167
37.57,126.98
51.15,8.3167
25.0392,121.525
32,53
35.1928,128.0847
31,36
37.57,126.98
37.57,126.98
42.6833,23.3167
25.0392,121.525
37.57,126.98
39,35
37.5985,126.9783
60,100
60.0833,23.6667
23.5,121
48.8833,2.26669999999999
51,9
34.6667,135.5
22.5333,114.1333
39.9289,116.3883
37.5985,126.9783
51,9
62,15
48.15,11.5833
35.69,139.69
60,100
60,100
46.1333,23.65
59,26
35.69,139.69
52,20
25,45
35.69,139.69
48.86,2.34999999999999
35,105
22.2833,114.15
25.0392,121.525
30.2936,120.1614
39.9289,116.3883
1,38
48.86,2.34999999999999
37.57,126.98
40.6833,14.7833
32.4907,119.9081
60,100
35.69,139.69
42.6833,23.3167
22.25,114.1667
60,100
60,100
38.4127,27.1384
51,9
46.0553,14.5144
60,100
37.57,126.98
51,9
22.6333,120.35
41.0186,28.9647
39.9289,116.3883
21.0333,105.85
21.0333,105.85
62,10
39.9289,116.3883
22.5333,114.1333
35,105
55.7522,37.6156
41,20
41.3781,33.7753
37.57,126.98
50.0833,19.9167
39,22
23.1167,113.25
51,9
48.6667,19.5
39.9289,116.3883
37.57,126.98
49,32
37.57,126.98
37.57,126.98
49,32
62,10
36.0986,120.3719
37.57,126.98
37.57,126.98
25.0392,121.525
52.5167,13.4
43,25
39.9289,116.3883
22.2833,114.15
52.5167,13.4
47,29
51,9
25.0392,121.525
37.57,126.98
56,10
29.9667,78.1667
35.69,139.69
40,45
52,20
49,32
37.57,126.98
32.0617,118.7778
60.1756,24.9342
35.685,139.7514
37.57,126.98
48.86,2.34999999999999
37.57,126.98
46.7667,23.6
51.5406,46.0086
43,25
37.57,126.98
52,20
42.8333,12.8333
42.8333,12.8333
37.2911,127.0089
49,32
37.57,126.98
30.6667,104.0667
35.69,139.69
35.1928,128.0847
57.1522,65.5272
52,20
37.57,126.98
35.69,139.69
51,9
22.25,114.1667
37.5985,126.9783
35.69,139.69
55.7522,37.6156
35.685,139.7514
48.86,2.34999999999999
11.55,104.9167
61.5,23.75
39.9289,116.3883
35.685,139.7514
13.754,100.5014
25.0392,121.525
49,32
37.5985,126.9783
59,26
27,30
32,53
39.9289,116.3883
59,26
36.9031,30.6991
31,36
35.685,139.7514
48.86,2.34999999999999
37.57,126.98
44.8139,18.2953
37.57,126.98
39.9289,116.3883
22.25,114.1667
51,9
52.5,5.75
32.0617,118.7778
39.9289,116.3883
39.9289,116.3883
